id,advisor_id,event_type,event_date
1,2,email_received,2026-02-28T09:38:04.554624
2,1,email_received,2026-02-28T11:23:09.820872
3,3,email_received,2026-02-28T13:47:21.758983
4,4,email_received,2026-02-28T14:13:48.313844
5,4,email_received,2026-02-28T14:17:55.211004
6,4,referral_sent,2026-02-28T14:17:55.237872
7,4,email_received,2026-02-28T14:17:56.295802
8,4,referral_sent,2026-02-28T14:17:56.319737
9,4,email_received,2026-02-28T14:17:56.888366
10,4,referral_sent,2026-02-28T14:17:56.912918
11,4,email_received,2026-02-28T14:17:57.455145
12,4,referral_sent,2026-02-28T14:17:57.478704
13,5,email_received,2026-02-28T14:26:52.177884
14,5,referral_sent,2026-02-28T14:26:52.206196
15,5,email_received,2026-02-28T14:26:53.253713
16,5,referral_sent,2026-02-28T14:26:53.277649
17,7,email_received,2026-02-28T14:27:37.812087
18,6,email_received,2026-02-28T14:30:48.69478
19,6,referral_sent,2026-02-28T14:30:48.720096
20,6,email_received,2026-02-28T14:30:49.521302
21,6,referral_sent,2026-02-28T14:30:49.54571
22,6,email_received,2026-02-28T14:30:50.042749
23,6,referral_sent,2026-02-28T14:30:50.066773
24,5,email_received,2026-02-28T14:31:56.456826
25,6,email_received,2026-02-28T14:32:54.258258
26,7,email_received,2026-02-28T14:36:22.931507
27,7,referral_sent,2026-02-28T14:36:22.959607
28,7,email_received,2026-02-28T14:36:24.147315
29,7,referral_sent,2026-02-28T14:36:24.172868
30,8,email_received,2026-03-01T14:48:45.033008
31,7,email_received,2026-03-02T09:24:43.456528
32,7,referral_sent,2026-03-02T09:24:43.479728
33,7,email_received,2026-03-02T09:24:44.532287
34,7,referral_sent,2026-03-02T09:24:44.554095
35,11,email_received,2026-03-23T22:49:31.148495
36,11,email_received,2026-03-23T22:50:52.108196
37,13,email_received,2026-03-24T00:54:37.332221
38,14,email_received,2026-03-24T01:43:01.961352
39,16,email_received,2026-03-24T05:00:41.833059
40,16,email_received,2026-03-24T05:01:28.070807
41,16,email_received,2026-03-24T05:02:15.375387
42,16,email_received,2026-03-24T05:03:32.477636
43,16,email_received,2026-03-24T05:06:39.551286
44,16,referral_sent,2026-03-24T05:06:39.574804
45,16,email_received,2026-03-24T05:06:40.341605
46,16,referral_sent,2026-03-24T05:06:40.36195
47,16,email_received,2026-03-24T05:06:40.873857
48,16,referral_sent,2026-03-24T05:06:40.894887
49,17,email_received,2026-03-29T01:26:54.470165
50,17,email_received,2026-04-18T04:08:51.370076
51,17,email_received,2026-04-18T07:48:58.399877
52,17,email_received,2026-04-18T07:48:59.011437
53,17,email_received,2026-04-18T07:48:59.243608
54,17,email_received,2026-04-18T07:48:59.397131
55,17,referral_sent,2026-04-18T07:48:59.417672
56,17,email_received,2026-04-18T07:48:59.573424
57,17,referral_sent,2026-04-18T07:48:59.593823
58,17,email_received,2026-04-18T07:48:59.752151
59,17,referral_sent,2026-04-18T07:48:59.772465
60,17,email_received,2026-04-18T07:50:22.907053
61,17,email_received,2026-04-18T07:50:23.437067
62,17,email_received,2026-04-18T07:50:23.642325
63,17,email_received,2026-04-18T07:50:23.825985
64,17,email_received,2026-04-18T07:50:23.972737
65,17,referral_sent,2026-04-18T07:50:23.99385
66,17,email_received,2026-04-18T07:50:24.147006
67,17,referral_sent,2026-04-18T07:50:24.167223
68,17,email_received,2026-04-18T07:50:24.3214
69,17,referral_sent,2026-04-18T07:50:24.341779
70,17,email_received,2026-04-18T07:50:24.517726
71,17,referral_sent,2026-04-18T07:50:24.538007
72,17,email_received,2026-04-18T07:50:24.716553
73,17,referral_sent,2026-04-18T07:50:24.736734
74,17,email_received,2026-04-18T07:51:07.291899
75,17,referral_sent,2026-04-18T07:51:07.313257
76,17,email_received,2026-04-18T07:51:07.65235
77,17,email_received,2026-04-18T07:51:07.845478
78,17,referral_sent,2026-04-18T07:51:07.866186
79,17,email_received,2026-04-18T07:51:08.011365
80,17,email_received,2026-04-18T07:51:15.961968
81,17,referral_sent,2026-04-18T07:51:15.982486
82,17,email_received,2026-04-18T07:51:24.607152
83,17,email_received,2026-04-18T07:51:33.837327
84,17,referral_sent,2026-04-18T07:51:33.858132
85,17,email_received,2026-04-18T07:51:43.666078
86,17,email_received,2026-04-18T07:51:54.253597
87,17,referral_sent,2026-04-18T07:51:54.278287
88,17,email_received,2026-04-18T07:52:05.443845
89,17,email_received,2026-04-18T07:52:17.243918
90,17,referral_sent,2026-04-18T07:52:17.270711
91,17,email_received,2026-04-18T07:52:29.751053
92,17,email_received,2026-04-18T07:52:42.802776
93,17,referral_sent,2026-04-18T07:52:42.827414
94,17,email_received,2026-04-18T07:52:56.410814
95,17,email_received,2026-04-18T07:52:56.969507
96,17,referral_sent,2026-04-18T07:52:56.990211
97,17,email_received,2026-04-18T07:52:57.154013
98,17,email_received,2026-04-18T07:52:57.329013
99,17,referral_sent,2026-04-18T07:52:57.350004
100,17,email_received,2026-04-18T07:52:57.495846
101,17,email_received,2026-04-18T07:52:57.647412
102,17,referral_sent,2026-04-18T07:52:57.680631
103,17,email_received,2026-04-18T07:52:57.828285
104,24,email_received,2026-04-21T22:47:54.646118
105,24,referral_sent,2026-04-21T22:47:54.670547
106,24,email_received,2026-04-21T22:47:55.306124
107,24,referral_sent,2026-04-21T22:47:55.326659
108,24,email_received,2026-04-21T22:47:55.553516
109,24,referral_sent,2026-04-21T22:47:55.574757
110,24,email_received,2026-04-21T22:47:55.757026
111,24,referral_sent,2026-04-21T22:47:55.777479
112,24,email_received,2026-04-21T22:47:55.927172
113,24,referral_sent,2026-04-21T22:47:55.948392
114,24,email_received,2026-04-21T22:47:56.130928
115,24,referral_sent,2026-04-21T22:47:56.151416
116,24,email_received,2026-04-21T22:47:56.300002
117,24,referral_sent,2026-04-21T22:47:56.320917
118,24,email_received,2026-04-21T22:47:56.467905
119,24,referral_sent,2026-04-21T22:47:56.48835
120,24,email_received,2026-04-21T22:47:56.635736
121,24,referral_sent,2026-04-21T22:47:56.655795
122,24,email_received,2026-04-21T22:47:56.812043
123,24,email_received,2026-04-21T22:47:57.02141
124,24,email_received,2026-04-21T22:47:57.226588
125,24,email_received,2026-04-21T22:47:57.408884
126,24,email_received,2026-04-21T22:48:05.374535
127,24,email_received,2026-04-21T22:48:14.002087
128,24,email_received,2026-04-21T22:48:23.234983
129,24,email_received,2026-04-21T22:48:33.097092
130,24,email_received,2026-04-21T22:53:31.365143
131,24,email_received,2026-04-21T22:53:32.048514
132,24,email_received,2026-04-21T22:53:32.30996
133,24,email_received,2026-04-21T22:53:32.499498
134,24,email_received,2026-04-21T22:53:32.684633
135,24,email_received,2026-04-21T22:53:32.829218
136,24,email_received,2026-04-21T22:53:32.979327
137,24,email_received,2026-04-21T22:53:33.134015
138,24,email_received,2026-04-21T22:56:13.16656
139,24,referral_sent,2026-04-21T22:56:13.190369
140,24,email_received,2026-04-21T22:56:13.680049
141,24,referral_sent,2026-04-21T22:56:13.700848
142,24,email_received,2026-04-21T22:56:13.895059
143,24,referral_sent,2026-04-21T22:56:13.915521
144,24,email_received,2026-04-21T22:56:14.06618
145,24,referral_sent,2026-04-21T22:56:14.0865
146,24,email_received,2026-04-21T22:56:14.23354
147,24,referral_sent,2026-04-21T22:56:14.25396
148,24,email_received,2026-04-21T22:56:22.25187
149,24,referral_sent,2026-04-21T22:56:22.289965
150,24,email_received,2026-04-21T22:56:30.951818
151,24,referral_sent,2026-04-21T22:56:30.972227
152,24,email_received,2026-04-21T22:56:40.221714
153,24,referral_sent,2026-04-21T22:56:40.242729
154,24,email_received,2026-04-21T22:56:50.111023
155,24,email_received,2026-04-21T22:57:00.729552
156,24,email_received,2026-04-21T22:57:11.907683
157,24,email_received,2026-04-21T22:57:23.708303
158,24,email_received,2026-04-21T22:57:36.076909
159,24,email_received,2026-04-21T22:57:49.077789
160,24,email_received,2026-04-21T22:58:02.689182
161,24,email_received,2026-04-21T22:58:03.223744
162,24,email_received,2026-04-21T22:58:03.386812
163,24,email_received,2026-04-21T22:58:03.532053
164,24,email_received,2026-04-21T22:58:03.676645
165,24,email_received,2026-04-21T22:58:03.852076
166,24,email_received,2026-04-21T22:58:03.993796
167,24,email_received,2026-04-21T22:58:04.146027
168,24,email_received,2026-04-21T22:58:04.279883
169,24,email_received,2026-04-22T13:03:08.972869
170,24,email_received,2026-04-22T13:03:09.480095
171,24,email_received,2026-04-22T13:03:09.979801
172,24,email_received,2026-04-22T13:03:10.467035
173,24,email_received,2026-04-22T13:03:10.964993
174,24,referral_sent,2026-04-22T13:03:10.985328
175,24,email_received,2026-04-22T13:03:11.485017
176,24,referral_sent,2026-04-22T13:03:11.50582
177,24,email_received,2026-04-22T13:03:12.004521
178,24,email_received,2026-04-22T13:03:12.497335
179,24,referral_sent,2026-04-22T13:03:12.519402
180,24,email_received,2026-04-22T13:03:13.00303
181,24,email_received,2026-04-22T13:03:13.494249
182,24,email_received,2026-04-22T13:03:13.984713
183,24,referral_sent,2026-04-22T13:03:14.006146
184,24,email_received,2026-04-22T13:03:14.542008
185,24,email_received,2026-04-22T13:03:15.044019
186,24,email_received,2026-04-22T13:03:15.54482
187,24,email_received,2026-04-22T13:03:16.047014
188,24,email_received,2026-04-22T13:03:16.532069
189,24,email_received,2026-04-22T13:03:17.014683
190,24,email_received,2026-04-22T13:03:17.498748
191,24,email_received,2026-04-22T13:03:18.0732
192,24,referral_sent,2026-04-22T13:03:18.098864
193,24,email_received,2026-04-22T13:03:18.593015
194,24,email_received,2026-04-22T13:03:19.09641
195,24,referral_sent,2026-04-22T13:03:19.122585
196,24,email_received,2026-04-22T13:03:19.622731
197,24,email_received,2026-04-22T13:03:20.121506
198,24,referral_sent,2026-04-22T13:03:20.142317
199,24,email_received,2026-04-22T13:03:20.62848
200,24,referral_sent,2026-04-22T13:03:20.650849
201,24,email_received,2026-04-22T13:03:21.137278
202,24,email_received,2026-04-22T13:03:21.669317
203,24,email_received,2026-04-22T13:03:22.156767
204,24,referral_sent,2026-04-22T13:03:22.177471
205,24,email_received,2026-04-22T13:03:22.656086
206,24,referral_sent,2026-04-22T13:03:22.676454
207,24,email_received,2026-04-22T13:03:23.166552
208,24,email_received,2026-04-22T13:03:23.674375
209,29,email_received,2026-04-23T09:24:47.918802
210,29,email_received,2026-04-23T09:24:48.077708
211,29,email_received,2026-04-23T09:24:48.170338
212,29,email_received,2026-04-23T09:24:48.257604
213,29,referral_sent,2026-04-23T09:24:48.278231
214,29,email_received,2026-04-23T09:24:48.422949
215,29,email_received,2026-04-23T09:24:48.512596
216,29,referral_sent,2026-04-23T09:24:48.53338
217,29,email_received,2026-04-23T09:24:48.621037
218,29,referral_sent,2026-04-23T09:24:48.641588
219,29,email_received,2026-04-23T09:24:48.772509
220,29,referral_sent,2026-04-23T09:24:48.792964
221,29,email_received,2026-04-23T09:24:48.880969
222,29,email_received,2026-04-23T09:24:48.967265
223,29,email_received,2026-04-23T09:24:49.052737
224,29,email_received,2026-04-23T09:24:49.177953
225,29,referral_sent,2026-04-23T09:24:49.199275
226,29,email_received,2026-04-23T09:24:49.294314
227,29,email_received,2026-04-23T09:24:49.42118
228,29,referral_sent,2026-04-23T09:24:49.442172
229,29,email_received,2026-04-23T09:24:49.527714
230,29,email_received,2026-04-23T09:24:49.62561
231,29,email_received,2026-04-23T09:24:49.709881
232,29,email_received,2026-04-23T09:24:49.796205
233,29,referral_sent,2026-04-23T09:24:49.817087
234,29,email_received,2026-04-23T09:24:49.901287
235,29,referral_sent,2026-04-23T09:24:49.92192
236,29,email_received,2026-04-23T09:24:50.007628
237,28,email_received,2026-04-23T09:24:50.134688
238,28,email_received,2026-04-23T09:24:50.230932
239,28,email_received,2026-04-23T09:24:50.330256
240,28,email_received,2026-04-23T09:24:50.428396
241,28,referral_sent,2026-04-23T09:24:50.449113
242,28,email_received,2026-04-23T09:24:50.538622
243,28,email_received,2026-04-23T09:24:50.632059
244,28,email_received,2026-04-23T09:24:50.721856
245,28,email_received,2026-04-23T09:24:50.815495
246,28,referral_sent,2026-04-23T09:24:50.837573
247,28,email_received,2026-04-23T09:24:50.927417
248,28,email_received,2026-04-23T09:24:51.019581
249,28,email_received,2026-04-23T09:24:51.117235
250,28,referral_sent,2026-04-23T09:24:51.139776
251,28,email_received,2026-04-23T09:24:51.233281
252,28,email_received,2026-04-23T09:24:51.328041
253,28,email_received,2026-04-23T09:24:51.423037
254,28,referral_sent,2026-04-23T09:24:51.443672
255,28,email_received,2026-04-23T09:24:51.532238
256,28,email_received,2026-04-23T09:24:51.621651
257,28,email_received,2026-04-23T09:24:51.7205
258,28,referral_sent,2026-04-23T09:24:51.74228
259,28,email_received,2026-04-23T09:24:51.836019
260,28,email_received,2026-04-23T09:24:51.930014
261,28,email_received,2026-04-23T09:24:52.030543
262,27,email_received,2026-04-23T09:24:52.174897
263,27,email_received,2026-04-23T09:24:52.303549
264,27,referral_sent,2026-04-23T09:24:52.324303
265,27,email_received,2026-04-23T09:24:52.47175
266,27,email_received,2026-04-23T09:24:52.606075
267,27,email_received,2026-04-23T09:24:52.733716
268,27,email_received,2026-04-23T09:24:52.85963
269,27,referral_sent,2026-04-23T09:24:52.880225
270,27,email_received,2026-04-23T09:24:53.012849
271,27,email_received,2026-04-23T09:24:53.146513
272,27,referral_sent,2026-04-23T09:24:53.167063
273,27,email_received,2026-04-23T09:24:53.291379
274,27,email_received,2026-04-23T09:24:53.417722
275,27,email_received,2026-04-23T09:24:53.544284
276,27,email_received,2026-04-23T09:24:53.676507
277,27,referral_sent,2026-04-23T09:24:53.697144
278,27,email_received,2026-04-23T09:24:53.81884
279,27,email_received,2026-04-23T09:24:53.948513
280,27,referral_sent,2026-04-23T09:24:53.969356
281,27,email_received,2026-04-23T09:24:54.094153
282,27,email_received,2026-04-23T09:24:54.222615
283,27,referral_sent,2026-04-23T09:24:54.243213
284,27,email_received,2026-04-23T09:24:54.372937
285,27,referral_sent,2026-04-23T09:24:54.393761
286,27,email_received,2026-04-23T09:24:54.52375
287,27,referral_sent,2026-04-23T09:24:54.544883
288,27,email_received,2026-04-23T09:24:54.673592
289,27,email_received,2026-04-23T09:24:54.808691
290,29,email_received,2026-04-23T09:29:16.213036
291,29,email_received,2026-04-23T09:29:16.333259
292,29,email_received,2026-04-23T09:29:16.428307
293,29,email_received,2026-04-23T09:29:16.530792
294,29,referral_sent,2026-04-23T09:29:16.552873
295,29,email_received,2026-04-23T09:29:16.680432
296,29,email_received,2026-04-23T09:29:16.780597
297,29,email_received,2026-04-23T09:29:16.873167
298,29,email_received,2026-04-23T09:29:16.976008
299,29,email_received,2026-04-23T09:29:17.104341
300,29,email_received,2026-04-23T09:29:17.216903
301,29,email_received,2026-04-23T09:29:17.315461
302,29,email_received,2026-04-23T09:29:17.417594
303,29,email_received,2026-04-23T09:29:17.510753
304,29,referral_sent,2026-04-23T09:29:17.533247
305,29,email_received,2026-04-23T09:29:17.653236
306,29,referral_sent,2026-04-23T09:29:17.67593
307,29,email_received,2026-04-23T09:29:17.767499
308,29,email_received,2026-04-23T09:29:17.865401
309,29,referral_sent,2026-04-23T09:29:17.8876
310,29,email_received,2026-04-23T09:29:17.977906
311,29,referral_sent,2026-04-23T09:29:17.999679
312,29,email_received,2026-04-23T09:29:18.104109
313,29,email_received,2026-04-23T09:29:18.195763
314,29,email_received,2026-04-23T09:29:18.296437
315,29,referral_sent,2026-04-23T09:29:18.318189
316,28,email_received,2026-04-23T09:29:18.415611
317,28,referral_sent,2026-04-23T09:29:18.437677
318,28,email_received,2026-04-23T09:29:18.561384
319,28,email_received,2026-04-23T09:29:18.65791
320,28,email_received,2026-04-23T09:29:18.768947
321,28,email_received,2026-04-23T09:29:18.868776
322,28,email_received,2026-04-23T09:29:18.980561
323,28,email_received,2026-04-23T09:29:19.087282
324,28,email_received,2026-04-23T09:29:19.201537
325,28,email_received,2026-04-23T09:29:19.301798
326,28,referral_sent,2026-04-23T09:29:19.323584
327,28,email_received,2026-04-23T09:29:19.429975
328,28,referral_sent,2026-04-23T09:29:19.451863
329,28,email_received,2026-04-23T09:29:19.586544
330,28,email_received,2026-04-23T09:29:19.692214
331,28,email_received,2026-04-23T09:29:19.798038
332,28,email_received,2026-04-23T09:29:19.904006
333,28,referral_sent,2026-04-23T09:29:19.92558
334,28,email_received,2026-04-23T09:29:20.023388
335,28,email_received,2026-04-23T09:29:20.137212
336,28,email_received,2026-04-23T09:29:20.23859
337,28,referral_sent,2026-04-23T09:29:20.260393
338,28,email_received,2026-04-23T09:29:20.364075
339,28,email_received,2026-04-23T09:29:20.461338
340,28,referral_sent,2026-04-23T09:29:20.483648
341,28,email_received,2026-04-23T09:29:20.595503
342,27,email_received,2026-04-23T09:29:20.765099
343,27,referral_sent,2026-04-23T09:29:20.790197
344,27,email_received,2026-04-23T09:29:20.991705
345,27,email_received,2026-04-23T09:29:21.172765
346,27,email_received,2026-04-23T09:29:21.355371
347,27,referral_sent,2026-04-23T09:29:21.377069
348,27,email_received,2026-04-23T09:29:21.548756
349,27,referral_sent,2026-04-23T09:29:21.570627
350,27,email_received,2026-04-23T09:29:21.746007
351,27,email_received,2026-04-23T09:29:21.918919
352,27,email_received,2026-04-23T09:29:22.150801
353,27,email_received,2026-04-23T09:29:22.345153
354,27,referral_sent,2026-04-23T09:29:22.366802
355,27,email_received,2026-04-23T09:29:22.563015
356,27,email_received,2026-04-23T09:29:22.746521
357,27,email_received,2026-04-23T09:29:22.931039
358,27,referral_sent,2026-04-23T09:29:22.952625
359,27,email_received,2026-04-23T09:29:23.133392
360,27,email_received,2026-04-23T09:29:23.320749
361,27,email_received,2026-04-23T09:29:23.497535
362,27,email_received,2026-04-23T09:29:23.684674
363,27,referral_sent,2026-04-23T09:29:23.706892
364,27,email_received,2026-04-23T09:29:23.888133
365,27,email_received,2026-04-23T09:29:24.072718
366,27,email_received,2026-04-23T09:29:24.247718
367,27,email_received,2026-04-23T09:29:24.432835
368,27,email_received,2026-04-24T00:08:52.880856
369,27,email_received,2026-04-24T00:08:52.930623
370,27,referral_sent,2026-04-24T00:08:52.952405
371,27,email_received,2026-04-24T00:09:09.534063
372,27,email_received,2026-04-24T00:09:10.234235
373,27,email_received,2026-04-24T00:29:23.705171
374,27,email_received,2026-04-24T00:29:23.754725
375,27,email_received,2026-04-24T00:29:38.463906
376,27,email_received,2026-04-24T00:29:38.505763
377,27,email_received,2026-04-24T01:27:27.514819
378,27,email_received,2026-04-24T01:27:28.914034
379,27,referral_sent,2026-04-24T01:27:29.113995
380,27,email_received,2026-04-24T01:27:45.076827
381,27,referral_sent,2026-04-24T01:27:45.109093
382,27,email_received,2026-04-24T01:27:45.175288
383,27,email_received,2026-04-24T02:01:02.577699
384,27,referral_sent,2026-04-24T02:01:02.618639
385,27,email_received,2026-04-24T02:01:02.687665
386,27,email_received,2026-04-24T02:01:06.299945
387,27,referral_sent,2026-04-24T02:01:06.799234
388,27,email_received,2026-04-24T02:01:18.798108
389,27,referral_sent,2026-04-24T02:01:20.598397
390,27,email_received,2026-04-24T02:11:13.312008
391,27,referral_sent,2026-04-24T02:11:13.337538
392,27,email_received,2026-04-24T02:11:13.377805
393,27,email_received,2026-04-24T02:11:28.384192
394,27,email_received,2026-04-24T02:11:28.431446
395,27,email_received,2026-04-24T04:07:56.78362
396,27,email_received,2026-04-24T04:07:56.834763
397,27,email_received,2026-04-24T04:30:29.755773
398,27,email_received,2026-04-24T04:30:30.455376
399,27,email_received,2026-04-24T05:07:13.714184
400,27,referral_sent,2026-04-24T05:07:13.740433
401,27,email_received,2026-04-24T05:07:13.784384
402,27,email_received,2026-04-24T05:29:32.801299
403,27,referral_sent,2026-04-24T05:29:32.827939
404,27,email_received,2026-04-24T05:29:32.871199
405,27,email_received,2026-04-24T06:22:27.171559
406,27,email_received,2026-04-24T06:22:27.243915
407,27,email_received,2026-04-24T07:07:16.075454
408,27,email_received,2026-04-24T07:07:17.774952
409,27,referral_sent,2026-04-24T07:07:18.174548
410,27,email_received,2026-04-24T07:57:43.624206
411,27,email_received,2026-04-24T07:57:44.224594
412,27,email_received,2026-04-24T08:22:45.227401
413,27,email_received,2026-04-24T08:22:45.281387
414,27,email_received,2026-04-24T09:55:32.510524
415,27,referral_sent,2026-04-24T09:55:32.538084
416,27,email_received,2026-04-24T09:55:32.585091
417,27,referral_sent,2026-04-24T09:55:32.607736
418,27,email_received,2026-04-24T10:53:50.329313
419,27,email_received,2026-04-24T10:53:54.829645
420,27,email_received,2026-04-24T12:01:06.513661
421,27,email_received,2026-04-24T12:01:06.814806
422,27,email_received,2026-04-24T12:30:48.961457
423,27,referral_sent,2026-04-24T12:30:48.988239
424,27,email_received,2026-04-24T12:30:49.032702
425,27,email_received,2026-04-24T12:59:01.162998
426,27,email_received,2026-04-24T12:59:01.233061
427,27,referral_sent,2026-04-24T12:59:01.263997
428,27,email_received,2026-04-24T13:57:01.510366
429,27,email_received,2026-04-24T13:57:01.559496
430,27,email_received,2026-04-24T16:12:01.880388
431,27,referral_sent,2026-04-24T16:12:01.906673
432,27,email_received,2026-04-24T16:12:01.951765
433,27,email_received,2026-04-24T17:35:53.830642
434,27,email_received,2026-04-24T17:35:54.138456
435,27,email_received,2026-04-24T18:47:59.813193
436,27,email_received,2026-04-24T18:48:00.513705
437,27,email_received,2026-04-24T19:44:30.855005
438,27,email_received,2026-04-24T19:44:30.909397
439,27,referral_sent,2026-04-24T19:44:30.932721
440,27,email_received,2026-04-24T20:22:05.400958
441,27,email_received,2026-04-24T20:22:07.000892
442,27,email_received,2026-04-24T21:22:32.624404
443,27,email_received,2026-04-24T21:22:32.675728
444,27,email_received,2026-04-24T21:57:41.998118
445,27,referral_sent,2026-04-24T21:57:42.025721
446,27,email_received,2026-04-24T21:57:42.072846
447,27,referral_sent,2026-04-24T21:57:42.094927
448,27,email_received,2026-04-24T23:48:43.899706
449,27,email_received,2026-04-24T23:48:50.299598
450,27,referral_sent,2026-04-24T23:48:51.100338
451,27,email_received,2026-04-25T00:14:05.284331
452,27,referral_sent,2026-04-25T00:14:05.313279
453,27,email_received,2026-04-25T00:14:05.492993
454,27,referral_sent,2026-04-25T00:14:05.692413
455,27,email_received,2026-04-25T02:04:40.459768
456,27,referral_sent,2026-04-25T02:04:40.497729
457,27,email_received,2026-04-25T02:04:40.564299
458,27,email_received,2026-04-25T02:44:25.084444
459,27,referral_sent,2026-04-25T02:44:25.484134
460,27,email_received,2026-04-25T02:44:27.284887
461,27,email_received,2026-04-25T03:39:56.350409
462,27,email_received,2026-04-25T03:39:56.396554
463,27,referral_sent,2026-04-25T03:39:56.492585
464,27,email_received,2026-04-25T04:10:44.243904
465,27,email_received,2026-04-25T04:10:44.29532
466,27,email_received,2026-04-25T04:41:35.515318
467,27,email_received,2026-04-25T04:41:36.513284
468,27,referral_sent,2026-04-25T04:41:36.611534
469,27,email_received,2026-04-25T05:37:28.889677
470,27,email_received,2026-04-25T05:37:28.940988
471,27,referral_sent,2026-04-25T05:37:28.963286
472,27,email_received,2026-04-25T06:34:29.086809
473,27,referral_sent,2026-04-25T06:34:29.114359
474,27,email_received,2026-04-25T06:34:29.159326
475,27,email_received,2026-04-25T07:36:33.640194
476,27,referral_sent,2026-04-25T07:36:34.240882
477,27,email_received,2026-04-25T07:36:35.440683
478,27,referral_sent,2026-04-25T07:36:36.440092
479,27,email_received,2026-04-25T08:58:40.107921
480,27,email_received,2026-04-25T08:58:40.15669
481,27,email_received,2026-04-25T09:20:51.975193
482,27,email_received,2026-04-25T09:20:53.475086
483,27,referral_sent,2026-04-25T09:20:54.175474
484,27,email_received,2026-04-25T11:06:58.214084
485,27,email_received,2026-04-25T11:06:58.286052
486,27,email_received,2026-04-25T12:11:49.428726
487,27,email_received,2026-04-25T12:11:50.528808
488,27,email_received,2026-04-25T15:17:51.545946
489,27,email_received,2026-04-25T15:17:57.945276
490,27,email_received,2026-04-25T15:54:02.441612
491,27,email_received,2026-04-25T15:54:03.04203
492,27,email_received,2026-04-25T16:56:31.590241
493,27,referral_sent,2026-04-25T16:56:31.614888
494,27,email_received,2026-04-25T16:56:31.656837
495,27,email_received,2026-04-25T16:56:36.406967
496,27,email_received,2026-04-25T16:56:44.206615
497,27,email_received,2026-04-25T17:53:45.73805
498,27,email_received,2026-04-25T17:53:45.79003
499,27,email_received,2026-04-25T21:38:23.86259
500,27,referral_sent,2026-04-25T21:38:25.263583
501,27,email_received,2026-04-25T21:38:28.962718
502,27,referral_sent,2026-04-25T21:38:33.262314
503,27,email_received,2026-04-25T22:12:49.420552
504,27,email_received,2026-04-25T22:12:50.719265
505,27,email_received,2026-04-25T22:40:26.896883
506,27,email_received,2026-04-25T22:40:29.897867
507,27,referral_sent,2026-04-25T22:40:30.797859
508,27,email_received,2026-04-25T23:36:04.258105
509,27,referral_sent,2026-04-25T23:36:07.259287
510,27,email_received,2026-04-25T23:36:18.857799
511,27,referral_sent,2026-04-25T23:36:19.55828
512,27,email_received,2026-04-26T02:33:20.10743
513,27,referral_sent,2026-04-26T02:33:21.205856
514,27,email_received,2026-04-26T02:33:21.805794
515,27,email_received,2026-04-26T02:51:01.598181
516,27,email_received,2026-04-26T02:51:01.650722
517,27,referral_sent,2026-04-26T02:51:01.673072
518,27,email_received,2026-04-26T04:28:39.933176
519,27,referral_sent,2026-04-26T04:28:39.961745
520,27,email_received,2026-04-26T04:28:40.006351
521,27,email_received,2026-04-26T05:30:29.162867
522,27,email_received,2026-04-26T05:30:29.23388
523,27,referral_sent,2026-04-26T05:30:29.26681
524,27,email_received,2026-04-26T06:20:45.847282
525,27,email_received,2026-04-26T06:20:47.1507
526,27,referral_sent,2026-04-26T06:20:47.947006
527,27,email_received,2026-04-26T07:37:28.403925
528,27,email_received,2026-04-26T07:37:28.456615
529,27,email_received,2026-04-26T07:37:28.588953
530,27,email_received,2026-04-26T07:37:28.644982
531,27,email_received,2026-04-26T08:03:16.111606
532,27,email_received,2026-04-26T08:03:17.110925
533,27,email_received,2026-04-26T08:25:50.740655
534,27,email_received,2026-04-26T08:25:50.816834
535,27,email_received,2026-04-26T08:25:51.140881
536,27,email_received,2026-04-26T08:25:51.186751
537,27,email_received,2026-04-26T09:42:25.377347
538,27,email_received,2026-04-26T09:42:25.429692
539,27,email_received,2026-04-26T10:33:19.499878
540,27,email_received,2026-04-26T10:33:19.549802
541,27,email_received,2026-04-26T11:30:51.74684
542,27,email_received,2026-04-26T11:30:54.446257
543,27,email_received,2026-04-26T12:13:00.423831
544,27,email_received,2026-04-26T12:13:00.473825
545,27,referral_sent,2026-04-26T12:13:00.495425
546,27,email_received,2026-04-26T12:57:44.629555
547,27,email_received,2026-04-26T12:57:46.081299
548,27,email_received,2026-04-26T13:16:52.143832
549,27,email_received,2026-04-26T13:16:52.192894
550,27,email_received,2026-04-26T13:34:49.121197
551,27,email_received,2026-04-26T13:34:49.921879
552,27,email_received,2026-04-26T16:24:38.39011
553,27,email_received,2026-04-26T16:24:38.443442
554,27,email_received,2026-04-26T16:24:43.699011
555,27,referral_sent,2026-04-26T16:24:44.298814
556,27,email_received,2026-04-26T16:24:44.89931
557,27,referral_sent,2026-04-26T16:24:48.198763
558,27,email_received,2026-04-26T16:28:58.928744
559,27,referral_sent,2026-04-26T16:28:58.959645
560,27,email_received,2026-04-26T16:28:59.009405
561,27,email_received,2026-04-26T17:16:01.177005
562,27,email_received,2026-04-26T17:16:01.252491
563,27,email_received,2026-04-26T17:19:21.267757
564,27,referral_sent,2026-04-26T17:19:21.292052
565,27,email_received,2026-04-26T17:19:21.337784
566,27,email_received,2026-04-26T17:28:48.040602
567,27,referral_sent,2026-04-26T17:28:48.074141
568,27,email_received,2026-04-26T17:28:48.137377
569,27,referral_sent,2026-04-26T17:28:48.169615
570,27,email_received,2026-04-26T17:29:13.05687
571,27,email_received,2026-04-26T17:29:13.102188
572,27,email_received,2026-04-26T17:52:27.629487
573,27,email_received,2026-04-26T17:52:27.712267
574,27,email_received,2026-04-26T18:27:38.873061
575,27,email_received,2026-04-26T18:27:38.923077
576,27,email_received,2026-04-26T18:44:58.207367
577,27,email_received,2026-04-26T18:44:58.280087
578,27,email_received,2026-04-26T19:02:21.387424
579,27,referral_sent,2026-04-26T19:02:21.420141
580,27,email_received,2026-04-26T19:02:21.47281
581,27,email_received,2026-04-26T19:02:26.130558
582,27,email_received,2026-04-26T19:02:26.71618
583,27,email_received,2026-04-26T19:21:06.120339
584,27,email_received,2026-04-26T19:21:06.168367
585,27,email_received,2026-04-26T19:50:59.331642
586,27,email_received,2026-04-26T19:50:59.381087
587,27,email_received,2026-04-26T19:51:22.403614
588,27,email_received,2026-04-26T19:51:23.105153
589,27,email_received,2026-04-26T20:14:22.44081
590,27,email_received,2026-04-26T20:14:22.513179
591,27,referral_sent,2026-04-26T20:14:22.611977
592,27,email_received,2026-04-26T20:14:28.551467
593,27,email_received,2026-04-26T20:14:28.616921
594,27,referral_sent,2026-04-26T20:14:28.647659
595,27,email_received,2026-04-26T20:52:00.754169
596,27,referral_sent,2026-04-26T20:52:00.778036
597,27,email_received,2026-04-26T20:52:00.821894
598,27,email_received,2026-04-26T20:52:00.864719
599,27,email_received,2026-04-26T20:52:00.908453
600,27,referral_sent,2026-04-26T20:52:00.929982
601,27,email_received,2026-04-26T20:52:00.973987
602,27,referral_sent,2026-04-26T20:52:00.995251
603,27,email_received,2026-04-26T20:52:01.039021
604,27,referral_sent,2026-04-26T20:52:01.061132
605,27,email_received,2026-04-26T20:52:01.104586
606,27,email_received,2026-04-26T20:52:01.147648
607,27,referral_sent,2026-04-26T20:52:01.168666
608,27,email_received,2026-04-26T20:52:01.213086
609,27,email_received,2026-04-26T20:52:01.256437
610,27,email_received,2026-04-26T20:52:04.13379
611,27,email_received,2026-04-26T20:52:04.176856
612,27,email_received,2026-04-26T20:52:04.218935
613,27,email_received,2026-04-26T20:52:04.262505
614,27,referral_sent,2026-04-26T20:52:04.284247
615,27,email_received,2026-04-26T20:52:04.326837
616,27,email_received,2026-04-26T20:52:04.37022
617,27,email_received,2026-04-26T20:52:04.412997
618,27,email_received,2026-04-26T20:52:04.45509
619,27,email_received,2026-04-26T20:52:04.497277
620,27,referral_sent,2026-04-26T20:52:04.517962
621,27,email_received,2026-04-26T20:52:04.560356
622,27,email_received,2026-04-26T20:53:24.606442
623,27,referral_sent,2026-04-26T20:53:24.628074
624,27,email_received,2026-04-26T20:53:24.673077
625,27,email_received,2026-04-26T20:53:24.716679
626,27,referral_sent,2026-04-26T20:53:24.737676
627,27,email_received,2026-04-26T20:53:24.781545
628,27,email_received,2026-04-26T20:53:24.826006
629,27,email_received,2026-04-26T20:53:24.870341
630,27,email_received,2026-04-26T20:53:24.914608
631,27,email_received,2026-04-26T20:53:24.959218
632,27,email_received,2026-04-26T20:53:25.002611
633,27,referral_sent,2026-04-26T20:53:25.023854
634,27,email_received,2026-04-26T20:53:25.067337
635,27,email_received,2026-04-26T20:53:25.111819
636,27,email_received,2026-04-26T20:53:25.155696
637,27,email_received,2026-04-26T20:53:25.204821
638,27,email_received,2026-04-26T20:53:25.250164
639,27,email_received,2026-04-26T20:53:25.294936
640,27,referral_sent,2026-04-26T20:53:25.316306
641,27,email_received,2026-04-26T20:53:25.361054
642,27,email_received,2026-04-26T20:53:25.405286
643,27,referral_sent,2026-04-26T20:53:25.427402
644,27,email_received,2026-04-26T20:53:25.471517
645,27,referral_sent,2026-04-26T20:53:25.495333
646,27,email_received,2026-04-26T20:53:25.552258
647,27,email_received,2026-04-26T20:53:25.596633
648,27,email_received,2026-04-27T10:30:57.791019
649,27,email_received,2026-04-27T17:08:41.451711
650,27,app_access,2026-04-30T05:59:08.904978
651,27,app_access,2026-04-30T06:01:14.015931
652,27,app_access,2026-04-30T06:01:19.227367
653,27,app_access,2026-04-30T06:01:52.151292
654,27,app_access,2026-04-30T06:04:36.752278
655,27,app_access,2026-04-30T06:04:59.483121
656,27,app_access,2026-04-30T06:05:44.446023
657,27,app_access,2026-04-30T06:05:53.078539
658,27,app_access,2026-04-30T06:06:34.960273
659,27,app_access,2026-04-30T06:06:39.988395
660,24,app_access,2026-04-30T06:07:15.144503
661,24,app_access,2026-04-30T06:07:20.279042
662,27,app_access,2026-04-30T06:41:15.686077
663,27,app_access,2026-04-30T06:45:01.336973
664,27,app_access,2026-04-30T06:45:52.818276
665,27,app_access,2026-04-30T08:57:09.05948
666,27,app_access,2026-04-30T09:31:16.258783
667,27,app_access,2026-04-30T09:47:55.402216
668,27,app_access,2026-04-30T09:48:41.846937
669,27,app_access,2026-04-30T09:51:52.684716
670,27,app_access,2026-04-30T09:53:32.991503
671,27,app_access,2026-04-30T10:06:54.09357
672,27,app_access,2026-04-30T10:07:55.930596
673,27,app_access,2026-04-30T10:08:48.477723
674,27,email_received,2026-04-30T10:18:01.778077
675,27,referral_sent,2026-04-30T10:18:01.813222
676,27,email_received,2026-04-30T10:18:01.879276
677,27,email_received,2026-04-30T10:18:01.947996
678,27,referral_sent,2026-04-30T10:18:01.980397
679,27,email_received,2026-04-30T10:18:02.048447
680,27,email_received,2026-04-30T10:18:02.113573
681,27,email_received,2026-04-30T10:18:02.178664
682,27,referral_sent,2026-04-30T10:18:02.212752
683,27,email_received,2026-04-30T10:18:02.277024
684,27,email_received,2026-04-30T10:18:02.344241
685,27,email_received,2026-04-30T10:18:02.409223
686,27,email_received,2026-04-30T10:18:02.472674
687,27,referral_sent,2026-04-30T10:18:02.503696
688,27,email_received,2026-04-30T10:18:02.566484
689,27,referral_sent,2026-04-30T10:18:02.600636
690,27,email_received,2026-04-30T10:18:02.665354
691,27,email_received,2026-04-30T10:18:02.728048
692,27,referral_sent,2026-04-30T10:18:02.75901
693,27,email_received,2026-04-30T10:18:02.822082
694,27,email_received,2026-04-30T10:18:02.885334
695,27,referral_sent,2026-04-30T10:18:02.915421
696,27,email_received,2026-04-30T10:18:02.977433
697,27,email_received,2026-04-30T10:18:03.04157
698,27,email_received,2026-04-30T10:18:03.104333
699,27,email_received,2026-04-30T10:18:03.168177
700,27,referral_sent,2026-04-30T10:18:03.198722
701,27,email_received,2026-04-30T10:18:03.265981
702,27,referral_sent,2026-04-30T10:18:03.29895
703,27,app_access,2026-04-30T10:18:08.376236
704,27,email_received,2026-04-30T10:19:47.419318
705,27,email_received,2026-04-30T10:19:47.466377
706,27,email_received,2026-04-30T10:19:47.513092
707,27,referral_sent,2026-04-30T10:19:47.538354
708,27,email_received,2026-04-30T10:19:47.603676
709,27,referral_sent,2026-04-30T10:19:47.631457
710,27,email_received,2026-04-30T10:19:47.678968
711,27,referral_sent,2026-04-30T10:19:47.701933
712,27,email_received,2026-04-30T10:19:47.748334
713,27,referral_sent,2026-04-30T10:19:47.770836
714,27,email_received,2026-04-30T10:19:47.817719
715,27,email_received,2026-04-30T10:19:47.865032
716,27,referral_sent,2026-04-30T10:19:47.887598
717,27,email_received,2026-04-30T10:19:47.933385
718,27,referral_sent,2026-04-30T10:19:47.955939
719,27,email_received,2026-04-30T10:19:48.002433
720,27,referral_sent,2026-04-30T10:19:48.024965
721,27,email_received,2026-04-30T10:19:48.071905
722,27,email_received,2026-04-30T10:19:48.117851
723,27,email_received,2026-04-30T10:19:48.163803
724,27,email_received,2026-04-30T10:19:48.210435
725,27,referral_sent,2026-04-30T10:19:48.232663
726,27,email_received,2026-04-30T10:19:48.280039
727,27,email_received,2026-04-30T10:19:48.326494
728,27,email_received,2026-04-30T10:19:48.373262
729,27,email_received,2026-04-30T10:19:48.420023
730,27,email_received,2026-04-30T10:19:48.466457
731,27,referral_sent,2026-04-30T10:19:48.48895
732,27,email_received,2026-04-30T10:19:48.534918
733,27,referral_sent,2026-04-30T10:19:48.557632
734,27,email_received,2026-04-30T10:19:55.140416
735,27,referral_sent,2026-04-30T10:19:55.163007
736,27,email_received,2026-04-30T10:19:55.210668
737,27,referral_sent,2026-04-30T10:19:55.232901
738,27,email_received,2026-04-30T10:19:55.281235
739,27,email_received,2026-04-30T10:19:55.327225
740,27,referral_sent,2026-04-30T10:19:55.349832
741,27,email_received,2026-04-30T10:19:55.397104
742,27,email_received,2026-04-30T10:19:55.443395
743,27,referral_sent,2026-04-30T10:19:55.466297
744,27,email_received,2026-04-30T10:19:55.512696
745,27,email_received,2026-04-30T10:19:55.563058
746,27,email_received,2026-04-30T10:19:55.611477
747,27,email_received,2026-04-30T10:19:55.659104
748,27,email_received,2026-04-30T10:19:55.706303
749,27,referral_sent,2026-04-30T10:19:55.729308
750,27,email_received,2026-04-30T10:19:55.776127
751,27,app_access,2026-04-30T10:21:35.568097
752,27,app_access,2026-04-30T10:22:33.148546
753,27,app_access,2026-04-30T10:23:10.004219
754,27,app_access,2026-04-30T10:23:49.937776
755,27,app_access,2026-04-30T10:26:58.754676
756,27,app_access,2026-04-30T10:28:00.226037
757,27,app_access,2026-04-30T10:38:48.605796
758,27,app_access,2026-04-30T10:41:29.442822
759,27,app_access,2026-04-30T10:43:17.573019
760,27,app_access,2026-04-30T10:50:09.4082
761,27,app_access,2026-04-30T10:50:36.550107
762,27,app_access,2026-04-30T10:53:00.060314
763,27,app_access,2026-04-30T11:27:35.744709
764,27,app_access,2026-04-30T11:30:32.449349
765,27,app_access,2026-04-30T11:30:43.058021
766,27,app_access,2026-04-30T11:30:55.489021
767,27,app_access,2026-04-30T11:31:37.130471
768,27,app_access,2026-04-30T11:31:43.690607
769,27,app_access,2026-04-30T11:33:17.147282
770,27,app_access,2026-04-30T11:38:46.406092
771,27,app_access,2026-04-30T11:47:56.653696
772,27,app_access,2026-04-30T11:48:19.992226
773,27,app_access,2026-04-30T11:50:06.432132
774,24,app_access,2026-04-30T11:53:48.01903
775,27,app_access,2026-04-30T13:17:26.745859
776,27,app_access,2026-04-30T14:20:42.911362
777,27,app_access,2026-04-30T14:21:40.85765
778,27,app_access,2026-04-30T14:21:44.096049
779,27,app_access,2026-04-30T14:21:47.882063
780,27,app_access,2026-04-30T14:21:50.523665
781,27,app_access,2026-04-30T14:21:53.038042
782,27,app_access,2026-04-30T14:21:56.800836
783,27,app_access,2026-04-30T14:21:59.22501
784,27,app_access,2026-04-30T14:22:03.87504
785,27,app_access,2026-04-30T14:22:06.425975
786,27,app_access,2026-04-30T14:22:09.352266
787,27,app_access,2026-04-30T14:22:12.647436
788,27,app_access,2026-04-30T14:22:20.411148
789,27,app_access,2026-04-30T14:22:26.566223
790,27,app_access,2026-04-30T14:22:29.659822
791,27,app_access,2026-04-30T14:22:32.431991
792,27,app_access,2026-04-30T14:22:35.575651
793,27,app_access,2026-04-30T14:23:29.988448
794,27,app_access,2026-04-30T14:24:08.001831
795,27,app_access,2026-04-30T14:24:11.243647
796,27,app_access,2026-04-30T15:58:52.20087
797,27,app_access,2026-04-30T16:00:16.520742
798,27,app_access:demo-profile-john,2026-04-30T17:07:06.706505
799,27,app_access:demo-profile-john,2026-04-30T17:11:25.794299
800,27,app_access:demoprofile2,2026-04-30T17:26:33.581839
801,27,app_access:demo-profile-john,2026-04-30T17:33:37.465137
802,27,app_access:demo-profile-john,2026-04-30T17:34:14.337279
803,27,app_access:demoprofile2,2026-04-30T17:34:19.839564
804,27,app_access:demoprofile2,2026-04-30T17:34:22.982714
805,27,app_access:demoprofile2,2026-04-30T17:35:32.924241
806,27,app_access:demoprofile2,2026-04-30T17:35:35.277858
807,27,app_access:demoprofile2,2026-04-30T17:35:37.67274
808,27,app_access:demoprofile2,2026-04-30T17:35:42.247061
809,27,app_access:demoprofile2,2026-04-30T17:35:45.542538
810,27,app_access:demoprofile2,2026-04-30T17:35:47.908885
811,27,app_access:demoprofile2,2026-04-30T17:35:50.130973
812,27,app_access:demoprofile2,2026-04-30T17:35:52.397363
813,27,app_access:demoprofile2,2026-04-30T17:35:54.61317
814,27,app_access:demoprofile2,2026-04-30T17:35:57.013427
815,27,app_access:demo-profile-john,2026-04-30T17:36:25.541906
816,27,app_access:demo-profile-john,2026-04-30T17:38:21.02549
817,27,app_access:demo-profile-john,2026-04-30T18:40:39.010961
818,27,app_access:demo-profile-john,2026-04-30T18:42:38.173164
819,27,app_access:demoprofile2,2026-04-30T18:43:22.360648
820,27,app_access:demoprofile2,2026-04-30T18:43:26.309258
821,27,app_access:demoprofile2,2026-04-30T18:43:38.169321
822,27,app_access:demoprofile2,2026-04-30T19:49:50.662283
823,27,app_access:demoprofile2,2026-04-30T19:50:20.315224
824,27,app_access:demo-profile-john,2026-04-30T21:44:29.663971
825,27,email_received,2026-05-01T11:02:11.786188
826,27,referral_sent,2026-05-01T11:02:11.822898
827,27,email_received,2026-05-01T11:02:11.888682
828,27,referral_sent,2026-05-01T11:02:11.928621
829,27,email_received,2026-05-01T11:02:12.004202
830,27,email_received,2026-05-01T11:02:12.072769
831,27,email_received,2026-05-01T11:02:12.139291
832,27,referral_sent,2026-05-01T11:02:12.171714
833,27,email_received,2026-05-01T11:02:12.238532
834,27,email_received,2026-05-01T11:02:12.305342
835,27,referral_sent,2026-05-01T11:02:12.337793
836,27,email_received,2026-05-01T11:02:12.403912
837,27,email_received,2026-05-01T11:02:12.474786
838,27,referral_sent,2026-05-01T11:02:12.50743
839,27,email_received,2026-05-01T11:02:12.573531
840,27,email_received,2026-05-01T12:33:06.012161
841,27,referral_sent,2026-05-01T12:33:06.048208
842,27,email_received,2026-05-01T12:33:06.113938
843,27,email_received,2026-05-01T12:33:06.178435
844,27,email_received,2026-05-01T12:33:06.244173
845,27,referral_sent,2026-05-01T12:33:06.275886
846,27,email_received,2026-05-01T12:33:06.340322
847,27,app_access:demo-profile-john,2026-05-01T22:44:23.702818
848,27,app_access:demo-profile-john,2026-05-01T23:08:14.98349
849,27,app_access:demoprofile2,2026-05-01T23:08:17.413919
850,27,app_access:demo-profile-john,2026-05-01T23:16:22.489834
851,27,app_access:demoprofile2,2026-05-01T23:16:24.148364
852,27,app_access:demo-profile-john,2026-05-01T23:24:16.265189
853,27,app_access:demoprofile2,2026-05-01T23:24:17.037791
854,27,app_access:demoprofile2,2026-05-01T23:24:51.01872
855,27,app_access:demo-profile-john,2026-05-01T23:25:38.269603
856,27,app_access:demoprofile2,2026-05-01T23:25:41.174389
857,27,app_access:demoprofile2,2026-05-01T23:27:14.653999
858,27,app_access:demo-profile-john,2026-05-01T23:31:41.21146
859,27,app_access:demo-profile-john,2026-05-01T23:34:55.378488
860,27,email_received,2026-05-02T00:23:29.087971
861,27,email_received,2026-05-02T00:23:29.143462
862,27,email_received,2026-05-02T00:23:29.189662
863,27,email_received,2026-05-02T00:23:29.237104
864,27,email_received,2026-05-02T00:23:29.280391
865,27,email_received,2026-05-02T00:23:29.324447
866,27,email_received,2026-05-02T00:23:29.3684
867,27,email_received,2026-05-02T00:23:29.416456
868,27,email_received,2026-05-02T00:23:29.460484
869,27,email_received,2026-05-02T00:23:29.506143
870,27,email_received,2026-05-02T00:23:29.550073
871,27,email_received,2026-05-02T00:23:29.592523
872,27,email_received,2026-05-02T00:23:32.48569
873,27,email_received,2026-05-02T00:23:32.52904
874,27,referral_sent,2026-05-02T00:23:32.549623
875,27,email_received,2026-05-02T00:23:32.592052
876,27,referral_sent,2026-05-02T00:23:32.612149
877,27,email_received,2026-05-02T00:23:32.663156
878,27,email_received,2026-05-02T00:23:32.705341
879,27,email_received,2026-05-02T00:23:32.74943
880,27,referral_sent,2026-05-02T00:23:32.769858
881,27,email_received,2026-05-02T00:23:32.812053
882,27,email_received,2026-05-02T00:23:32.855068
883,27,referral_sent,2026-05-02T00:23:32.875672
884,27,email_received,2026-05-02T00:23:32.917129
885,27,email_received,2026-05-02T00:23:32.958879
886,27,email_received,2026-05-02T00:23:33.000793
887,27,referral_sent,2026-05-02T00:23:33.021061
888,27,email_received,2026-05-02T00:23:33.063814
889,27,referral_sent,2026-05-02T00:23:33.084336
890,27,app_access:demo-profile-john,2026-05-02T02:15:52.774539
891,27,app_access:demoprofile2,2026-05-02T02:16:29.946122
892,27,app_access:demo-profile-john,2026-05-02T02:18:51.040222
893,27,app_access:demo-profile-john,2026-05-02T02:20:06.262898
894,27,app_access:demo-profile-john,2026-05-02T04:59:37.962457
895,27,app_access:demo-profile-john,2026-05-02T04:59:40.568109
896,27,app_access:demo-profile-john,2026-05-02T04:59:42.791115
897,27,app_access:demo-profile-john,2026-05-02T04:59:44.868657
898,27,app_access:demo-profile-john,2026-05-02T04:59:46.60197
899,27,app_access:demo-profile-john,2026-05-02T04:59:49.341544
900,27,app_access:demo-profile-john,2026-05-02T04:59:51.309367
901,27,app_access:demo-profile-john,2026-05-02T04:59:53.472643
902,27,app_access:demo-profile-john,2026-05-02T04:59:55.411074
903,27,app_access:demo-profile-john,2026-05-02T04:59:57.337687
904,27,app_access:demo-profile-john,2026-05-02T04:59:59.218859
905,27,app_access:demo-profile-john,2026-05-02T05:00:01.08522
906,27,app_access:demo-profile-john,2026-05-02T05:00:04.386762
907,27,app_access:demo-profile-john,2026-05-02T05:00:06.421258
908,27,app_access:demo-profile-john,2026-05-02T05:00:08.515127
909,27,app_access:demo-profile-john,2026-05-02T05:00:10.434276
910,27,app_access:demo-profile-john,2026-05-02T05:00:12.577039
911,27,app_access:demo-profile-john,2026-05-02T05:00:14.622627
912,27,app_access:demo-profile-john,2026-05-02T05:00:16.713682
913,27,app_access:demo-profile-john,2026-05-02T05:00:19.482947
914,27,app_access:demo-profile-john,2026-05-02T05:00:21.812319
915,27,app_access:demo-profile-john,2026-05-02T05:00:23.835427
916,27,app_access:demo-profile-john,2026-05-02T05:00:25.909239
917,27,app_access:demo-profile-john,2026-05-02T05:00:27.954622
918,27,app_access:demo-profile-john,2026-05-02T05:00:30.036516
919,27,app_access:demoprofile2,2026-05-02T05:00:33.786283
920,27,app_access:demoprofile2,2026-05-02T05:00:36.286369
921,27,app_access:demoprofile2,2026-05-02T05:00:38.359233
922,27,app_access:demoprofile2,2026-05-02T05:00:40.403507
923,27,app_access:demoprofile2,2026-05-02T05:00:42.38712
924,27,app_access:demoprofile2,2026-05-02T05:00:44.369405
925,27,app_access:demoprofile2,2026-05-02T05:00:46.341265
926,27,app_access:demoprofile2,2026-05-02T05:00:48.372793
927,27,app_access:demoprofile2,2026-05-02T05:00:50.35671
928,27,app_access:demoprofile2,2026-05-02T05:00:52.426968
929,27,app_access:demoprofile2,2026-05-02T05:00:54.436191
930,27,app_access:demoprofile2,2026-05-02T05:00:56.424728
931,27,app_access:demoprofile2,2026-05-02T05:00:58.386774
932,27,app_access:demoprofile2,2026-05-02T05:01:00.418429
933,27,email_received,2026-05-02T05:01:44.478019
934,27,referral_sent,2026-05-02T05:01:44.508665
935,27,email_received,2026-05-02T05:01:44.57092
936,27,email_received,2026-05-02T05:01:44.636111
937,27,referral_sent,2026-05-02T05:01:44.6666
938,27,email_received,2026-05-02T05:01:44.728644
939,27,email_received,2026-05-02T05:01:44.790922
940,27,email_received,2026-05-02T05:01:44.86587
941,27,referral_sent,2026-05-02T05:01:44.896528
942,27,email_received,2026-05-02T05:01:44.95861
943,27,email_received,2026-05-02T05:01:45.021401
944,27,email_received,2026-05-02T05:01:45.083312
945,27,referral_sent,2026-05-02T05:01:45.113993
946,27,email_received,2026-05-02T05:01:45.176984
947,27,email_received,2026-05-02T05:01:45.248313
948,27,email_received,2026-05-02T05:01:45.312098
949,27,email_received,2026-05-02T05:01:45.374876
950,27,email_received,2026-05-02T05:01:45.437173
951,27,email_received,2026-05-02T05:01:45.499136
952,27,email_received,2026-05-02T05:01:45.561212
953,27,referral_sent,2026-05-02T05:01:45.591564
954,27,email_received,2026-05-02T05:01:45.653532
955,27,email_received,2026-05-02T05:01:45.715512
956,27,email_received,2026-05-02T05:01:45.780661
957,27,referral_sent,2026-05-02T05:01:45.811461
958,27,email_received,2026-05-02T05:01:50.313007
959,27,referral_sent,2026-05-02T05:01:50.343428
960,27,email_received,2026-05-02T05:01:50.405792
961,27,email_received,2026-05-02T05:01:50.469275
962,27,email_received,2026-05-02T05:01:50.532279
963,27,referral_sent,2026-05-02T05:01:50.562727
964,27,email_received,2026-05-02T05:01:50.625158
965,27,email_received,2026-05-02T05:01:50.686826
966,27,referral_sent,2026-05-02T05:01:50.718122
967,27,email_received,2026-05-02T05:01:50.781134
968,27,email_received,2026-05-02T05:01:50.843554
969,27,email_received,2026-05-02T05:01:50.904805
970,27,email_received,2026-05-02T05:01:50.967824
971,27,referral_sent,2026-05-02T05:01:50.999006
972,27,email_received,2026-05-02T05:01:51.070251
973,27,email_received,2026-05-02T05:01:51.133901
974,27,referral_sent,2026-05-02T05:01:51.164977
975,27,email_received,2026-05-02T05:01:51.228673
976,27,email_received,2026-05-02T05:01:51.291863
977,27,email_received,2026-05-02T05:01:51.354887
978,27,referral_sent,2026-05-02T05:01:51.385911
979,27,email_received,2026-05-02T05:01:51.448701
980,27,referral_sent,2026-05-02T05:01:51.479129
981,27,email_received,2026-05-02T05:01:51.541539
982,27,email_received,2026-05-02T05:01:51.605952
983,27,email_received,2026-05-02T05:01:51.668703
984,27,app_access:demoprofile2,2026-05-02T05:02:37.689795
985,27,app_access:demoprofile2,2026-05-02T05:02:39.897589
986,27,app_access:demoprofile2,2026-05-02T05:02:41.950405
987,27,app_access:demoprofile2,2026-05-02T05:02:44.228608
988,27,app_access:demoprofile2,2026-05-02T05:02:46.35681
989,27,app_access:demoprofile2,2026-05-02T05:02:48.501925
990,27,app_access:demoprofile2,2026-05-02T05:02:50.418185
991,27,app_access:demoprofile2,2026-05-02T05:02:52.492367
992,27,app_access:demoprofile2,2026-05-02T05:02:54.489187
993,27,app_access:demoprofile2,2026-05-02T05:02:56.531934
994,27,app_access:demoprofile2,2026-05-02T05:02:58.569466
995,27,app_access:demoprofile2,2026-05-02T05:03:00.577338
996,27,app_access:demoprofile2,2026-05-02T05:03:02.526306
997,27,app_access:demoprofile2,2026-05-02T05:03:04.501437
998,27,app_access:demoprofile2,2026-05-02T05:03:06.45349
999,27,app_access:demoprofile2,2026-05-02T05:03:08.563621
1000,27,app_access:demoprofile2,2026-05-02T05:03:10.749313
1001,27,app_access:demoprofile2,2026-05-02T11:59:10.68282
1002,27,app_access:demoprofile2,2026-05-02T11:59:14.733473
1003,27,app_access:demoprofile2,2026-05-02T11:59:16.790076
1004,27,app_access:demoprofile2,2026-05-02T11:59:21.183146
1005,27,app_access:demo-profile-john,2026-05-02T22:47:57.464839
1006,27,app_access:demoprofile2,2026-05-02T22:49:28.368489
1007,27,app_access:demoprofile2,2026-05-02T23:37:28.657186
1008,27,app_access:demo-profile-john,2026-05-03T00:32:01.090024
1009,27,app_access:demo-profile-john,2026-05-03T00:32:03.541722
1010,27,app_access:demo-profile-john,2026-05-03T00:32:05.629067
1011,27,app_access:demo-profile-john,2026-05-03T00:32:07.605824
1012,27,app_access:demo-profile-john,2026-05-03T00:32:09.709791
1013,27,app_access:demo-profile-john,2026-05-03T00:32:11.835914
1014,27,app_access:demo-profile-john,2026-05-03T00:32:13.905187
1015,27,app_access:demo-profile-john,2026-05-03T00:32:16.432261
1016,27,app_access:demo-profile-john,2026-05-03T00:32:18.516371
1017,27,app_access:demo-profile-john,2026-05-03T00:32:20.263004
1018,27,app_access:demo-profile-john,2026-05-03T00:32:22.156847
1019,27,app_access:demo-profile-john,2026-05-03T00:32:24.145045
1020,27,app_access:demo-profile-john,2026-05-03T00:32:27.691146
1021,27,app_access:demoprofile2,2026-05-03T00:32:37.319904
1022,27,app_access:demoprofile2,2026-05-03T00:32:39.891723
1023,27,app_access:demoprofile2,2026-05-03T00:32:41.456686
1024,27,app_access:demoprofile2,2026-05-03T00:32:43.11048
1025,27,app_access:demoprofile2,2026-05-03T00:32:44.60489
1026,27,app_access:demoprofile2,2026-05-03T00:32:46.109076
1027,27,app_access:demoprofile2,2026-05-03T00:32:47.593411
1028,27,app_access:demoprofile2,2026-05-03T00:32:50.232762
1029,27,app_access:demoprofile2,2026-05-03T00:32:51.926089
1030,27,app_access:demoprofile2,2026-05-03T00:32:53.923958
1031,27,app_access:demoprofile2,2026-05-03T00:32:55.847477
1032,27,app_access:demoprofile2,2026-05-03T00:32:59.06127
1033,27,app_access:demoprofile2,2026-05-03T02:06:49.855237
1034,27,app_access:demoprofile2,2026-05-03T02:06:53.093664
1035,27,app_access:demoprofile2,2026-05-03T02:06:54.359714
1036,27,app_access:demoprofile2,2026-05-03T02:06:56.336899
1037,27,app_access:demoprofile2,2026-05-03T02:06:58.349837
1038,27,app_access:demoprofile2,2026-05-03T02:07:03.039822
1039,27,app_access:demoprofile2,2026-05-03T02:07:05.073239
1040,27,app_access:demoprofile2,2026-05-03T02:07:07.114178
1041,27,app_access:demoprofile2,2026-05-03T02:07:09.185201
1042,27,app_access:demoprofile2,2026-05-03T02:07:11.171414
1043,27,app_access:demoprofile2,2026-05-03T02:07:13.080848
1044,27,app_access:demoprofile2,2026-05-03T02:07:15.272539
1045,27,app_access:demoprofile2,2026-05-03T02:07:17.187906
1046,27,app_access:demoprofile2,2026-05-03T02:07:19.344288
1047,27,app_access:demoprofile2,2026-05-03T02:07:21.497643
1048,27,email_received,2026-05-03T02:08:33.011847
1049,27,email_received,2026-05-03T02:08:33.054873
1050,27,email_received,2026-05-03T02:08:33.100605
1051,27,referral_sent,2026-05-03T02:08:33.122252
1052,27,email_received,2026-05-03T02:08:33.165785
1053,27,email_received,2026-05-03T02:08:33.209118
1054,27,referral_sent,2026-05-03T02:08:33.230243
1055,27,email_received,2026-05-03T02:08:33.273673
1056,27,email_received,2026-05-03T02:08:33.316435
1057,27,email_received,2026-05-03T02:08:33.360973
1058,27,email_received,2026-05-03T02:08:33.404639
1059,27,email_received,2026-05-03T02:08:33.450076
1060,27,referral_sent,2026-05-03T02:08:33.471838
1061,27,email_received,2026-05-03T02:08:33.51579
1062,27,email_received,2026-05-03T02:08:33.558336
1063,27,email_received,2026-05-03T02:08:33.602173
1064,27,referral_sent,2026-05-03T02:08:33.623299
1065,27,email_received,2026-05-03T02:08:33.667129
1066,27,email_received,2026-05-03T02:08:33.709979
1067,27,referral_sent,2026-05-03T02:08:33.730915
1068,27,email_received,2026-05-03T02:08:33.773833
1069,27,email_received,2026-05-03T02:08:33.817469
1070,27,referral_sent,2026-05-03T02:08:33.838271
1071,27,email_received,2026-05-03T02:08:33.882165
1072,27,email_received,2026-05-03T02:08:33.924725
1073,27,email_received,2026-05-03T02:08:41.916734
1074,27,email_received,2026-05-03T02:08:41.960098
1075,27,email_received,2026-05-03T02:08:42.004919
1076,27,email_received,2026-05-03T02:08:42.049816
1077,27,email_received,2026-05-03T02:08:42.093801
1078,27,email_received,2026-05-03T02:08:42.136867
1079,27,email_received,2026-05-03T02:08:42.180601
1080,27,email_received,2026-05-03T02:08:42.22443
1081,27,referral_sent,2026-05-03T02:08:42.245752
1082,27,email_received,2026-05-03T02:08:42.288288
1083,27,email_received,2026-05-03T02:08:42.33273
1084,27,email_received,2026-05-03T02:08:42.375626
1085,27,referral_sent,2026-05-03T02:08:42.397002
1086,27,email_received,2026-05-03T02:08:42.439606
1087,27,email_received,2026-05-03T02:08:42.481921
1088,27,email_received,2026-05-03T02:08:42.524713
1089,27,referral_sent,2026-05-03T02:08:42.545633
1090,27,email_received,2026-05-03T02:08:42.588865
1091,27,email_received,2026-05-03T02:08:42.631763
1092,27,email_received,2026-05-03T02:08:42.674173
1093,27,referral_sent,2026-05-03T02:08:42.695074
1094,27,email_received,2026-05-03T02:08:42.737708
1095,27,email_received,2026-05-03T02:08:42.780392
1096,27,app_access:demoprofile2,2026-05-03T02:10:35.077066
1097,27,app_access:demo-profile-john,2026-05-03T02:18:02.297823
1098,27,app_access:demo-profile-john,2026-05-03T02:18:05.654177
1099,27,app_access:demo-profile-john,2026-05-03T02:18:08.817131
1100,27,app_access:demo-profile-john,2026-05-03T02:18:11.257608
1101,27,app_access:demo-profile-john,2026-05-03T02:18:13.78136
1102,27,app_access:demo-profile-john,2026-05-03T02:18:15.967978
1103,27,app_access:demo-profile-john,2026-05-03T02:18:17.834273
1104,27,app_access:demo-profile-john,2026-05-03T21:22:48.194318
1105,27,app_access:demo-profile-john,2026-05-04T07:32:49.096028
1106,27,app_access:demo-profile-john,2026-05-04T07:32:51.56674
1107,27,app_access:demo-profile-john,2026-05-04T07:32:53.551166
1108,27,app_access:demo-profile-john,2026-05-04T07:32:55.483195
1109,27,app_access:demo-profile-john,2026-05-04T07:32:57.419956
1110,27,app_access:demo-profile-john,2026-05-04T07:32:59.289929
1111,27,app_access:demo-profile-john,2026-05-04T07:33:01.313119
1112,27,app_access:demo-profile-john,2026-05-04T07:33:03.318783
1113,27,app_access:demo-profile-john,2026-05-04T07:33:06.705039
1114,27,app_access:demo-profile-john,2026-05-04T07:33:08.755623
1115,27,app_access:demo-profile-john,2026-05-04T07:33:10.683035
1116,27,app_access:demo-profile-john,2026-05-04T07:33:12.71521
1117,27,app_access:demo-profile-john,2026-05-04T07:33:14.535807
1118,27,app_access:demo-profile-john,2026-05-04T07:33:18.763752
1119,27,app_access:demo-profile-john,2026-05-04T07:33:20.826499
1120,27,app_access:demo-profile-john,2026-05-04T07:33:22.629105
1121,27,app_access:demo-profile-john,2026-05-04T07:33:24.512095
1122,27,app_access:demo-profile-john,2026-05-04T07:33:28.79495
1123,27,app_access:demo-profile-john,2026-05-04T07:33:30.874783
1124,27,app_access:demoprofile2,2026-05-04T07:33:33.974428
1125,27,app_access:demoprofile2,2026-05-04T07:33:37.724585
1126,27,app_access:demoprofile2,2026-05-04T07:33:39.638882
1127,27,app_access:demoprofile2,2026-05-04T07:33:41.598621
1128,27,app_access:demoprofile2,2026-05-04T07:33:43.889348
1129,27,app_access:demoprofile2,2026-05-04T07:33:45.967273
1130,27,app_access:demoprofile2,2026-05-04T07:33:48.28936
1131,27,app_access:demoprofile2,2026-05-04T07:33:50.436546
1132,27,app_access:demoprofile2,2026-05-04T07:33:52.596198
1133,27,app_access:demoprofile2,2026-05-04T07:33:55.622978
1134,27,app_access:demoprofile2,2026-05-04T07:33:57.540701
1135,27,app_access:demoprofile2,2026-05-04T07:33:59.525531
1136,27,email_received,2026-05-04T07:34:42.10223
1137,27,email_received,2026-05-04T07:34:42.144346
1138,27,email_received,2026-05-04T07:34:42.18615
1139,27,email_received,2026-05-04T07:34:42.229612
1140,27,email_received,2026-05-04T07:34:42.273218
1141,27,email_received,2026-05-04T07:34:42.317121
1142,27,email_received,2026-05-04T07:34:42.359178
1143,27,email_received,2026-05-04T07:34:42.401016
1144,27,email_received,2026-05-04T07:34:42.44382
1145,27,email_received,2026-05-04T07:34:42.486395
1146,27,email_received,2026-05-04T07:34:42.52908
1147,27,email_received,2026-05-04T07:34:42.572028
1148,27,email_received,2026-05-04T07:34:49.451584
1149,27,referral_sent,2026-05-04T07:34:49.47192
1150,27,email_received,2026-05-04T07:34:49.513726
1151,27,referral_sent,2026-05-04T07:34:49.534139
1152,27,email_received,2026-05-04T07:34:49.576226
1153,27,email_received,2026-05-04T07:34:49.617536
1154,27,referral_sent,2026-05-04T07:34:49.637964
1155,27,email_received,2026-05-04T07:34:49.68037
1156,27,email_received,2026-05-04T07:34:49.722794
1157,27,referral_sent,2026-05-04T07:34:49.743053
1158,27,email_received,2026-05-04T07:34:49.787599
1159,27,referral_sent,2026-05-04T07:34:49.807968
1160,27,email_received,2026-05-04T07:34:49.850978
1161,27,email_received,2026-05-04T07:34:49.893763
1162,27,referral_sent,2026-05-04T07:34:49.914482
1163,27,email_received,2026-05-04T07:34:49.957107
1164,27,email_received,2026-05-04T07:34:50.003973
1165,27,email_received,2026-05-04T07:34:50.047523
1166,27,referral_sent,2026-05-04T07:34:50.068016
1167,27,email_received,2026-05-04T07:34:50.111367
1168,27,referral_sent,2026-05-04T07:34:50.132152
1169,27,email_received,2026-05-04T07:34:50.174323
1170,27,email_received,2026-05-04T07:34:50.216938
1171,27,email_received,2026-05-04T07:34:50.259673
1172,27,email_received,2026-05-04T07:34:50.301773
1173,27,email_received,2026-05-04T07:34:50.344445
1174,27,email_received,2026-05-04T07:34:50.386716
1175,27,email_received,2026-05-04T07:34:50.42975
1176,27,email_received,2026-05-04T07:34:50.471879
1177,27,referral_sent,2026-05-04T07:34:50.492116
1178,27,email_received,2026-05-04T07:34:50.533493
1179,27,app_access:demo-profile-john,2026-05-04T07:35:52.820187
1180,27,app_access:demo-profile-john,2026-05-04T08:27:00.169367
1181,27,app_access:demo-profile-john,2026-05-04T08:27:14.65585
1182,27,email_received,2026-05-04T11:14:29.441413
1183,27,email_received,2026-05-04T11:14:29.489204
1184,27,email_received,2026-05-04T11:14:29.531379
1185,27,referral_sent,2026-05-04T11:14:29.552015
1186,27,email_received,2026-05-04T11:14:29.593629
1187,27,referral_sent,2026-05-04T11:14:29.614347
1188,27,email_received,2026-05-04T11:14:29.656386
1189,27,referral_sent,2026-05-04T11:14:29.68189
1190,27,email_received,2026-05-04T11:14:29.735909
1191,27,email_received,2026-05-04T11:14:29.777357
1192,27,email_received,2026-05-04T11:14:29.81934
1193,27,email_received,2026-05-04T11:14:29.861102
1194,27,referral_sent,2026-05-04T11:14:29.881601
1195,27,email_received,2026-05-04T11:14:29.924034
1196,27,app_access:demo-profile-john,2026-05-04T11:17:46.112635
1197,27,app_access:demo-profile-john,2026-05-04T11:42:52.169079
1198,27,app_access:demoprofile2,2026-05-04T13:08:53.908202
1199,27,app_access:demo-profile-john,2026-05-04T13:08:54.588631
1200,27,app_access:demo-profile-john,2026-05-04T13:09:39.299387
1201,27,app_access:demoprofile2,2026-05-04T13:09:41.033015
1202,27,app_access:demoprofile2,2026-05-04T13:22:46.663774
1203,27,app_access:demo-profile-john,2026-05-04T13:23:19.09354
1204,27,app_access:demo-profile-john,2026-05-04T13:39:48.568049
1205,27,app_access:demoprofile2,2026-05-04T13:39:50.383598
1206,27,app_access:demo-profile-john,2026-05-04T13:40:56.585293
1207,27,app_access:demo-profile-john,2026-05-04T13:41:09.671627
1208,27,app_access:demoprofile2,2026-05-04T13:41:10.784088
1209,27,app_access:demo-profile-john,2026-05-04T13:41:49.880797
1210,27,app_access:demo-profile-john,2026-05-04T15:38:25.960255
1211,27,app_access:demoprofile2,2026-05-04T15:38:27.556147
1212,27,app_access:demo-profile-john,2026-05-04T18:25:51.335286
1213,27,email_received,2026-05-07T20:47:46.792975
1214,27,email_received,2026-05-07T20:47:46.839791
1215,27,email_received,2026-05-07T20:47:46.882858
1216,27,email_received,2026-05-07T20:47:46.933005
1217,27,referral_sent,2026-05-07T20:47:46.953911
1218,27,email_received,2026-05-07T20:47:46.998923
1219,27,referral_sent,2026-05-07T20:47:47.021977
1220,27,email_received,2026-05-07T20:47:47.064754
1221,27,referral_sent,2026-05-07T20:47:47.085705
1222,27,email_received,2026-05-07T20:47:47.131308
1223,27,referral_sent,2026-05-07T20:47:47.152389
1224,27,email_received,2026-05-07T20:47:47.196365
1225,27,email_received,2026-05-07T20:47:47.239375
1226,27,email_received,2026-05-07T20:47:47.282724
1227,27,email_received,2026-05-07T20:47:47.32697
1228,27,email_received,2026-05-07T20:47:47.370198
1229,27,referral_sent,2026-05-07T20:47:47.391006
1230,27,email_received,2026-05-07T20:47:47.434012
1231,27,email_received,2026-05-07T20:47:47.47755
1232,27,email_received,2026-05-07T20:47:47.523127
1233,27,referral_sent,2026-05-07T20:47:47.543836
1234,27,email_received,2026-05-07T20:47:47.586921
1235,27,referral_sent,2026-05-07T20:47:47.607997
1236,27,email_received,2026-05-07T20:47:47.651794
1237,27,email_received,2026-05-07T20:47:47.694011
1238,27,referral_sent,2026-05-07T20:47:47.715051
1239,27,email_received,2026-05-07T20:47:47.758546
1240,27,email_received,2026-05-07T20:47:47.806122
1241,27,email_received,2026-05-07T20:47:59.203993
1242,27,referral_sent,2026-05-07T20:47:59.224249
1243,27,email_received,2026-05-07T20:47:59.269794
1244,27,email_received,2026-05-07T20:47:59.312561
1245,27,email_received,2026-05-07T20:47:59.355219
1246,27,email_received,2026-05-07T20:47:59.396748
1247,27,email_received,2026-05-07T20:47:59.438582
1248,27,referral_sent,2026-05-07T20:47:59.458681
1249,27,email_received,2026-05-07T20:47:59.499715
1250,27,referral_sent,2026-05-07T20:47:59.523463
1251,27,email_received,2026-05-07T20:47:59.565206
1252,27,email_received,2026-05-07T20:47:59.60755
1253,27,referral_sent,2026-05-07T20:47:59.628185
1254,27,email_received,2026-05-07T20:47:59.669316
1255,27,email_received,2026-05-07T20:47:59.711647
1256,27,email_received,2026-05-07T20:47:59.753307
1257,27,email_received,2026-05-07T20:47:59.794422
1258,27,referral_sent,2026-05-07T20:47:59.815005
1259,27,email_received,2026-05-07T20:47:59.856667
1260,27,email_received,2026-05-07T20:47:59.900001
1261,27,app_access:demo-profile-john,2026-05-07T20:52:32.417779
1262,27,app_access:demo-profile-john,2026-05-07T20:52:35.527708
1263,27,app_access:demo-profile-john,2026-05-07T20:52:37.814186
1264,27,app_access:demo-profile-john,2026-05-07T20:52:40.127438
1265,27,app_access:demo-profile-john,2026-05-07T20:52:43.804255
1266,27,app_access:demo-profile-john,2026-05-07T20:52:46.402801
1267,27,app_access:demo-profile-john,2026-05-07T20:52:48.79705
1268,27,app_access:demo-profile-john,2026-05-07T20:52:50.879732
1269,27,app_access:demo-profile-john,2026-05-07T20:52:53.00773
1270,27,app_access:demo-profile-john,2026-05-07T20:52:55.257582
1271,27,app_access:demo-profile-john,2026-05-07T20:52:57.315395
1272,27,app_access:demo-profile-john,2026-05-07T20:52:59.405954
1273,27,app_access:demo-profile-john,2026-05-07T20:53:01.585101
1274,27,app_access:demo-profile-john,2026-05-07T20:53:03.775089
1275,27,app_access:demo-profile-john,2026-05-07T20:53:06.039358
1276,27,app_access:demo-profile-john,2026-05-07T20:53:08.172503
1277,27,app_access:demo-profile-john,2026-05-07T20:53:10.131019
1278,27,app_access:demo-profile-john,2026-05-07T20:53:12.26094
1279,27,app_access:demo-profile-john,2026-05-07T20:53:14.315277
1280,27,app_access:demo-profile-john,2026-05-07T20:53:16.474713
1281,27,app_access:demo-profile-john,2026-05-07T20:53:18.81802
1282,27,app_access:demo-profile-john,2026-05-07T20:53:20.795006
1283,27,app_access:demoprofile2,2026-05-07T20:53:25.235911
1284,27,app_access:demoprofile2,2026-05-07T20:53:27.755394
1285,27,app_access:demoprofile2,2026-05-07T20:53:29.901827
1286,27,app_access:demoprofile2,2026-05-07T20:53:31.969586
1287,27,app_access:demoprofile2,2026-05-07T20:53:34.067318
1288,27,app_access:demoprofile2,2026-05-07T20:53:36.296807
1289,27,app_access:demoprofile2,2026-05-07T20:53:38.428545
1290,27,app_access:demoprofile2,2026-05-07T20:53:40.514908
1291,27,app_access:demoprofile2,2026-05-07T20:53:42.651557
1292,27,app_access:demoprofile2,2026-05-07T20:53:44.854516
1293,27,app_access:demoprofile2,2026-05-07T20:53:46.959892
1294,27,app_access:demoprofile2,2026-05-07T20:53:49.262538
1295,27,app_access:demo-profile-john,2026-05-07T20:58:18.797234
1296,27,app_access:demo-profile-john,2026-05-08T00:42:11.278767
1297,27,app_access:demo-profile-john,2026-05-08T00:42:14.414784
1298,27,app_access:demo-profile-john,2026-05-08T00:42:17.394577
1299,27,app_access:demo-profile-john,2026-05-08T00:42:20.095974
1300,27,app_access:demo-profile-john,2026-05-08T00:42:21.962387
1301,27,app_access:demo-profile-john,2026-05-08T00:42:24.395445
1302,27,app_access:demo-profile-john,2026-05-08T19:55:54.963503
1303,27,app_access:demo-profile-john,2026-05-08T19:55:57.285197
1304,27,app_access:demo-profile-john,2026-05-08T19:55:59.352109
1305,27,app_access:demo-profile-john,2026-05-08T19:56:01.339002
1306,27,app_access:demo-profile-john,2026-05-08T19:56:03.504621
1307,27,app_access:demo-profile-john,2026-05-08T19:56:05.629438
1308,27,app_access:demo-profile-john,2026-05-08T19:56:07.735116
1309,27,app_access:demo-profile-john,2026-05-08T19:56:09.879288
1310,27,app_access:demo-profile-john,2026-05-08T19:56:12.033357
1311,27,app_access:demo-profile-john,2026-05-08T19:56:14.074483
1312,27,app_access:demo-profile-john,2026-05-08T19:56:16.087543
1313,27,app_access:demo-profile-john,2026-05-08T19:56:18.149464
1314,27,app_access:demoprofile2,2026-05-08T19:56:23.993368
1315,27,app_access:demoprofile2,2026-05-08T19:56:26.582821
1316,27,app_access:demoprofile2,2026-05-08T19:56:27.990139
1317,27,app_access:demoprofile2,2026-05-08T19:56:30.242973
1318,27,app_access:demoprofile2,2026-05-08T19:56:32.507319
1319,27,app_access:demoprofile2,2026-05-08T19:56:34.774635
1320,27,app_access:demoprofile2,2026-05-08T19:56:37.11578
1321,27,app_access:demoprofile2,2026-05-08T19:56:39.466406
1322,27,app_access:demoprofile2,2026-05-08T19:56:41.703127
1323,27,app_access:demoprofile2,2026-05-08T19:56:44.761276
1324,27,app_access:demo-profile-john,2026-05-09T13:32:22.625002
1325,27,app_access:demo-profile-john,2026-05-09T16:18:29.856291
1326,27,app_access:demo-profile-john,2026-05-10T01:22:19.218415
1327,27,app_access:demo-profile-john,2026-05-10T01:22:22.035633
1328,27,app_access:demo-profile-john,2026-05-10T01:22:25.394718
1329,27,app_access:demo-profile-john,2026-05-10T01:22:28.180549
1330,27,app_access:demo-profile-john,2026-05-10T01:22:30.344735
1331,27,app_access:demo-profile-john,2026-05-10T01:22:32.424177
1332,27,app_access:demo-profile-john,2026-05-10T01:22:34.562446
1333,27,app_access:demo-profile-john,2026-05-10T01:22:36.575802
1334,27,app_access:demo-profile-john,2026-05-10T01:22:38.599202
1335,27,app_access:demo-profile-john,2026-05-10T01:22:40.584998
1336,27,app_access:demo-profile-john,2026-05-10T01:22:42.683634
1337,27,app_access:demo-profile-john,2026-05-10T01:22:44.813704
1338,27,app_access:demo-profile-john,2026-05-10T01:22:46.835154
1339,27,app_access:demo-profile-john,2026-05-10T01:22:48.637305
1340,27,app_access:demo-profile-john,2026-05-10T01:22:50.526849
1341,27,app_access:demo-profile-john,2026-05-10T01:22:52.541349
1342,27,app_access:demo-profile-john,2026-05-10T01:23:00.067538
1343,27,app_access:demo-profile-john,2026-05-10T01:23:02.641138
1344,27,app_access:demo-profile-john,2026-05-10T01:23:05.236581
1345,27,app_access:demoprofile2,2026-05-10T01:23:09.581814
1346,27,app_access:demoprofile2,2026-05-10T01:23:11.360203
1347,27,app_access:demoprofile2,2026-05-10T01:23:13.541918
1348,27,app_access:demoprofile2,2026-05-10T01:23:15.537764
1349,27,app_access:demoprofile2,2026-05-10T01:23:17.562338
1350,27,app_access:demoprofile2,2026-05-10T01:23:19.394353
1351,27,app_access:demoprofile2,2026-05-10T01:23:21.898923
1352,27,app_access:demoprofile2,2026-05-10T01:23:23.690669
1353,27,app_access:demoprofile2,2026-05-10T01:23:31.929588
1354,27,app_access:demoprofile2,2026-05-10T01:23:34.091695
1355,27,app_access:demoprofile2,2026-05-10T01:23:36.130333
1356,27,app_access:demoprofile2,2026-05-10T01:23:37.934896
1357,27,app_access:demo-profile-john,2026-05-10T03:22:35.206742
1358,27,app_access:demo-profile-john,2026-05-10T07:40:27.622453
1359,27,app_access:demo-profile-john,2026-05-11T21:40:57.081377
1360,27,app_access:demo-profile-john,2026-05-11T21:40:59.448958
1361,27,app_access:demo-profile-john,2026-05-11T21:41:01.608019
1362,27,app_access:demo-profile-john,2026-05-11T21:41:03.906891
1363,27,app_access:demo-profile-john,2026-05-11T21:41:06.132938
1364,27,app_access:demo-profile-john,2026-05-11T21:41:07.923033
1365,27,app_access:demo-profile-john,2026-05-11T21:41:09.885967
1366,27,app_access:demo-profile-john,2026-05-11T21:41:11.905969
1367,27,app_access:demo-profile-john,2026-05-11T21:41:13.871436
1368,27,app_access:demo-profile-john,2026-05-11T21:41:15.709757
1369,27,app_access:demo-profile-john,2026-05-11T21:41:17.681229
1370,27,app_access:demo-profile-john,2026-05-11T21:41:20.640739
1371,27,app_access:demo-profile-john,2026-05-11T21:41:22.767971
1372,27,app_access:demo-profile-john,2026-05-11T21:41:24.716162
1373,27,app_access:demo-profile-john,2026-05-11T21:41:26.546238
1374,27,app_access:demo-profile-john,2026-05-11T21:41:28.401646
1375,27,app_access:demo-profile-john,2026-05-11T21:41:31.465859
1376,27,app_access:demo-profile-john,2026-05-11T21:41:33.405682
1377,27,app_access:demo-profile-john,2026-05-11T21:41:35.233407
1378,27,app_access:demo-profile-john,2026-05-11T21:41:36.996899
1379,27,app_access:demo-profile-john,2026-05-11T21:41:40.283034
1380,27,app_access:demo-profile-john,2026-05-11T21:41:42.319762
1381,27,app_access:demo-profile-john,2026-05-11T21:41:44.321803
1382,27,app_access:demoprofile2,2026-05-11T21:41:48.984756
1383,27,app_access:demoprofile2,2026-05-11T21:41:51.210925
1384,27,app_access:demoprofile2,2026-05-11T21:41:53.318133
1385,27,app_access:demoprofile2,2026-05-11T21:41:55.409486
1386,27,app_access:demoprofile2,2026-05-11T21:41:58.260486
1387,27,app_access:demoprofile2,2026-05-11T21:42:00.384407
1388,27,app_access:demoprofile2,2026-05-11T21:42:02.459408
1389,27,app_access:demoprofile2,2026-05-11T21:42:04.939402
1390,27,app_access:demoprofile2,2026-05-11T21:42:07.126706
1391,27,app_access:demoprofile2,2026-05-11T21:42:09.231778
1392,27,app_access:demo-profile-john,2026-05-12T00:59:15.690512
1393,27,app_access:demo-profile-john,2026-05-12T00:59:35.740602
1394,27,app_access:demo-profile-john,2026-05-12T03:13:57.53108
1395,27,app_access:demo-profile-john,2026-05-12T03:14:52.072524
1396,27,app_access:demo-profile-john,2026-05-12T03:15:13.269488
1397,27,app_access:demoprofile2,2026-05-12T03:16:56.436169
1398,27,app_access:demoprofile2,2026-05-12T03:17:28.610336
1399,27,app_access:demo-profile-john,2026-05-12T03:18:19.114969
1400,27,app_access:demoprofile2,2026-05-12T03:22:12.619514
1401,27,app_access:demo-profile-john,2026-05-12T03:41:57.276553
1402,27,app_access:demo-profile-john,2026-05-12T03:46:27.827114
1403,27,app_access:demo-profile-john,2026-05-12T03:48:56.482738
1404,27,app_access:demo-profile-john,2026-05-12T05:13:09.907745
1405,27,app_access:demo-profile-john,2026-05-12T05:13:34.655833
1406,27,app_access:demoprofile2,2026-05-12T05:15:38.909066
1407,27,app_access:demo-profile-john,2026-05-12T07:09:14.283292
1408,27,app_access:demo-profile-john,2026-05-12T07:09:47.098633
1409,27,app_access:demo-profile-john,2026-05-12T07:10:33.240513
1410,27,app_access:demo-profile-john,2026-05-12T07:11:24.581264
1411,27,app_access:demo-profile-john,2026-05-12T07:11:54.875835
1412,27,app_access:demo-profile-john,2026-05-12T07:14:10.085015
1413,27,app_access:demoprofile2,2026-05-12T07:16:21.314061
1414,27,app_access:demo-profile-john,2026-05-12T07:16:29.320517
1415,27,app_access:demo-profile-john,2026-05-12T07:23:45.255557
1416,27,app_access:demoprofile2,2026-05-12T07:23:45.3626
1417,27,app_access:demo-profile-john,2026-05-12T08:04:31.741897
1418,27,app_access:demo-profile-john,2026-05-12T12:56:34.014082
1419,27,app_access:demo-profile-john,2026-05-12T12:56:57.303415
1420,27,app_access:demo-profile-john,2026-05-12T12:57:16.465025
1421,27,app_access:demo-profile-john,2026-05-12T13:01:17.063732
1422,27,app_access:demoprofile2,2026-05-12T13:07:08.370214
1423,27,app_access:demo-profile-john,2026-05-12T13:24:08.151354
1424,27,app_access:demo-profile-john,2026-05-12T13:24:37.354371
1425,27,app_access:demo-profile-john,2026-05-12T13:24:58.513182
1426,27,app_access:demo-profile-john,2026-05-12T13:25:13.269525
1427,27,app_access:demoprofile2,2026-05-12T13:28:05.090611
1428,27,app_access:demoprofile2,2026-05-12T13:28:24.73842
1429,27,app_access:demo-profile-john,2026-05-12T13:43:10.707725
1430,27,app_access:demo-profile-john,2026-05-12T13:43:33.390153
1431,27,app_access:demo-profile-john,2026-05-12T13:43:51.111717
1432,27,app_access:demo-profile-john,2026-05-12T13:44:10.033337
1433,27,app_access:demo-profile-john,2026-05-12T13:44:40.757943
1434,27,app_access:demoprofile2,2026-05-12T13:44:55.831975
1435,27,app_access:demo-profile-john,2026-05-12T13:45:18.057635
1436,27,app_access:demoprofile2,2026-05-12T13:45:20.058072
1437,27,app_access:demoprofile2,2026-05-12T13:45:35.195687
1438,27,app_access:demo-profile-john,2026-05-12T13:45:55.804773
1439,27,app_access:demoprofile2,2026-05-12T13:45:57.112567
1440,27,app_access:demo-profile-john,2026-05-12T15:43:16.462836
1441,27,app_access:demo-profile-john,2026-05-12T16:15:43.714569
1442,27,app_access:demo-profile-john,2026-05-12T16:16:11.255124
1443,27,app_access:demo-profile-john,2026-05-12T16:16:44.687194
1444,27,app_access:demoprofile2,2026-05-12T16:17:20.939743
1445,27,app_access:demo-profile-john,2026-05-12T16:17:22.414098
1446,27,app_access:demo-profile-john,2026-05-12T16:17:44.007735
1447,27,app_access:demoprofile2,2026-05-12T16:17:58.051354
1448,27,app_access:demoprofile2,2026-05-12T16:18:05.308246
1449,27,app_access:demoprofile2,2026-05-12T16:18:18.751488
1450,27,app_access:demo-profile-john,2026-05-12T16:19:22.911543
1451,27,app_access:demo-profile-john,2026-05-12T16:24:34.649153
1452,27,app_access:demo-profile-john,2026-05-12T16:25:37.346295
1453,27,app_access:demo-profile-john,2026-05-12T16:37:32.673088
1454,27,email_received,2026-05-12T16:48:23.094329
1455,27,referral_sent,2026-05-12T16:48:23.121208
1456,27,email_received,2026-05-12T16:48:23.178655
1457,27,email_received,2026-05-12T16:48:23.224719
1458,27,email_received,2026-05-12T16:48:23.271529
1459,27,email_received,2026-05-12T16:48:23.316488
1460,27,referral_sent,2026-05-12T16:48:23.338695
1461,27,email_received,2026-05-12T16:48:23.382809
1462,27,referral_sent,2026-05-12T16:48:23.404902
1463,27,email_received,2026-05-12T16:48:23.45124
1464,27,email_received,2026-05-12T16:48:23.496748
1465,27,referral_sent,2026-05-12T16:48:23.518777
1466,27,email_received,2026-05-12T16:48:23.562928
1467,27,email_received,2026-05-12T16:48:23.607701
1468,27,referral_sent,2026-05-12T16:48:23.629163
1469,27,email_received,2026-05-12T16:48:23.674114
1470,27,referral_sent,2026-05-12T16:48:23.69615
1471,27,email_received,2026-05-12T16:48:23.744772
1472,27,referral_sent,2026-05-12T16:48:23.766886
1473,27,email_received,2026-05-12T16:48:23.812767
1474,27,referral_sent,2026-05-12T16:48:23.834957
1475,27,email_received,2026-05-12T16:48:23.879848
1476,27,email_received,2026-05-12T16:48:23.931781
1477,27,referral_sent,2026-05-12T16:48:23.953572
1478,27,email_received,2026-05-12T16:48:23.998036
1479,27,referral_sent,2026-05-12T16:48:24.019695
1480,27,email_received,2026-05-12T16:48:24.065647
1481,27,email_received,2026-05-12T16:48:24.110939
1482,27,email_received,2026-05-12T16:48:24.156369
1483,27,email_received,2026-05-12T16:48:30.449866
1484,27,referral_sent,2026-05-12T16:48:30.472561
1485,27,email_received,2026-05-12T16:48:30.52862
1486,27,referral_sent,2026-05-12T16:48:30.550896
1487,27,email_received,2026-05-12T16:48:30.596826
1488,27,email_received,2026-05-12T16:48:30.644123
1489,27,referral_sent,2026-05-12T16:48:30.666531
1490,27,email_received,2026-05-12T16:48:30.714677
1491,27,email_received,2026-05-12T16:48:30.763447
1492,27,referral_sent,2026-05-12T16:48:30.785848
1493,27,email_received,2026-05-12T16:48:30.83186
1494,27,referral_sent,2026-05-12T16:48:30.854313
1495,27,email_received,2026-05-12T16:48:30.901019
1496,27,email_received,2026-05-12T16:48:30.947592
1497,27,referral_sent,2026-05-12T16:48:30.969428
1498,27,email_received,2026-05-12T16:48:31.014469
1499,27,email_received,2026-05-12T16:48:31.058591
1500,27,referral_sent,2026-05-12T16:48:31.080745
1501,27,email_received,2026-05-12T16:48:31.126214
1502,27,referral_sent,2026-05-12T16:48:31.147965
1503,27,email_received,2026-05-12T16:48:31.194359
1504,27,email_received,2026-05-12T16:48:31.240047
1505,27,referral_sent,2026-05-12T16:48:31.262491
1506,27,email_received,2026-05-12T16:48:31.309518
1507,27,email_received,2026-05-12T16:48:31.355096
1508,27,referral_sent,2026-05-12T16:48:31.377141
1509,27,email_received,2026-05-12T16:48:31.426063
1510,27,email_received,2026-05-12T16:48:31.471891
1511,27,referral_sent,2026-05-12T16:48:31.49447
1512,27,email_received,2026-05-12T16:48:31.541197
1513,27,email_received,2026-05-12T16:48:31.585792
1514,27,email_received,2026-05-12T16:48:31.631877
1515,27,referral_sent,2026-05-12T16:48:31.661443
1516,27,email_received,2026-05-12T16:48:31.707487
1517,27,email_received,2026-05-12T16:48:31.752799
1518,27,email_received,2026-05-12T16:48:31.797506
1519,27,email_received,2026-05-12T16:48:31.841916
1520,27,email_received,2026-05-12T16:48:31.888381
1521,27,email_received,2026-05-12T16:48:31.934677
1522,27,email_received,2026-05-12T16:48:31.994403
1523,27,email_received,2026-05-12T16:48:32.04444
1524,27,referral_sent,2026-05-12T16:48:32.066667
1525,27,email_received,2026-05-12T16:48:32.113023
1526,27,referral_sent,2026-05-12T16:48:32.135908
1527,27,email_received,2026-05-12T16:48:32.186471
1528,27,email_received,2026-05-12T16:48:32.232433
1529,27,email_received,2026-05-12T16:48:32.278489
1530,27,referral_sent,2026-05-12T16:48:32.301309
1531,27,email_received,2026-05-12T16:48:32.347549
1532,27,email_received,2026-05-12T16:48:32.395026
1533,27,email_received,2026-05-12T16:48:32.441829
1534,27,email_received,2026-05-12T16:48:32.487258
1535,27,referral_sent,2026-05-12T16:48:32.509665
1536,27,email_received,2026-05-12T16:48:32.555316
1537,27,referral_sent,2026-05-12T16:48:32.577713
1538,27,email_received,2026-05-12T16:48:32.624403
1539,27,email_received,2026-05-12T16:48:32.67063
1540,27,referral_sent,2026-05-12T16:48:32.692059
1541,27,email_received,2026-05-12T16:48:32.736937
1542,27,email_received,2026-05-12T16:48:32.780724
1543,27,email_received,2026-05-12T16:48:32.826165
1544,27,email_received,2026-05-12T16:48:32.87146
1545,27,referral_sent,2026-05-12T16:48:32.893481
1546,27,email_received,2026-05-12T16:48:32.938287
1547,27,email_received,2026-05-12T16:48:32.983465
1548,27,referral_sent,2026-05-12T16:48:33.010646
1549,27,email_received,2026-05-12T16:48:33.05541
1550,27,email_received,2026-05-12T16:48:33.100162
1551,27,referral_sent,2026-05-12T16:48:33.122535
1552,27,email_received,2026-05-12T16:48:33.16678
1553,27,referral_sent,2026-05-12T16:48:33.189152
1554,27,email_received,2026-05-12T16:48:33.233801
1555,27,app_access:demo-profile-john,2026-05-12T17:12:01.561336
1556,27,app_access:demoprofile2,2026-05-12T17:12:53.921117
1557,27,app_access:demo-profile-john,2026-05-12T17:19:02.303897
1558,27,app_access:demo-profile-john,2026-05-13T19:20:02.977872
1559,27,app_access:demo-profile-john,2026-05-13T19:20:46.828309
1560,27,app_access:demo-profile-john,2026-05-13T19:21:03.139517
1561,30,app_access:john-doe,2026-05-14T01:31:38.326852
1562,30,app_access:john-doe,2026-05-14T01:32:57.860571
1563,30,app_access:john-doe,2026-05-14T01:39:01.214042
1564,27,email_received,2026-05-14T01:41:23.992283
1565,27,email_received,2026-05-14T01:41:24.042451
1566,27,email_received,2026-05-14T01:41:24.092579
1567,27,email_received,2026-05-14T01:41:24.142051
1568,27,email_received,2026-05-14T01:41:24.192113
1569,27,email_received,2026-05-14T01:41:24.240976
1570,27,email_received,2026-05-14T01:41:24.291832
1571,27,email_received,2026-05-14T01:41:24.342549
1572,27,referral_sent,2026-05-14T01:41:24.366704
1573,27,email_received,2026-05-14T01:41:24.41774
1574,27,referral_sent,2026-05-14T01:41:24.441885
1575,27,email_received,2026-05-14T01:41:24.492429
1576,27,referral_sent,2026-05-14T01:41:24.516852
1577,27,email_received,2026-05-14T01:41:24.567635
1578,27,email_received,2026-05-14T01:41:24.620483
1579,27,email_received,2026-05-14T01:41:24.670097
1580,27,referral_sent,2026-05-14T01:41:24.696121
1581,27,email_received,2026-05-14T01:41:24.745342
1582,27,email_received,2026-05-14T01:41:24.795284
1583,27,referral_sent,2026-05-14T01:41:24.819044
1584,27,email_received,2026-05-14T01:41:24.868001
1585,27,email_received,2026-05-14T01:41:24.91845
1586,27,email_received,2026-05-14T01:41:24.968735
1587,27,referral_sent,2026-05-14T01:41:24.993248
1588,27,email_received,2026-05-14T01:41:25.042469
1589,30,email_received,2026-05-14T01:42:22.46398
1590,30,email_received,2026-05-14T01:42:22.510947
1591,30,email_received,2026-05-14T01:42:22.558059
1592,30,referral_sent,2026-05-14T01:42:22.581377
1593,30,email_received,2026-05-14T01:42:22.627994
1594,30,referral_sent,2026-05-14T01:42:22.650704
1595,30,email_received,2026-05-14T01:42:22.698095
1596,30,email_received,2026-05-14T01:42:22.745139
1597,30,email_received,2026-05-14T01:42:22.791414
1598,30,email_received,2026-05-14T01:42:22.837974
1599,30,referral_sent,2026-05-14T01:42:22.861218
1600,30,email_received,2026-05-14T01:42:22.907897
1601,30,email_received,2026-05-14T01:42:22.954068
1602,30,email_received,2026-05-14T01:42:23.000841
1603,30,email_received,2026-05-14T01:42:23.047473
1604,30,referral_sent,2026-05-14T01:42:23.072292
1605,30,email_received,2026-05-14T01:42:23.124973
1606,30,email_received,2026-05-14T01:42:23.172861
1607,30,email_received,2026-05-14T01:42:23.221574
1608,30,email_received,2026-05-14T01:42:23.26885
1609,30,referral_sent,2026-05-14T01:42:23.291519
1610,30,email_received,2026-05-14T01:42:23.337703
1611,30,email_received,2026-05-14T01:42:23.38452
1612,30,referral_sent,2026-05-14T01:42:23.407077
1613,30,email_received,2026-05-14T01:42:23.45384
1614,27,email_received,2026-05-14T01:42:23.578752
1615,27,email_received,2026-05-14T01:42:23.625438
1616,27,email_received,2026-05-14T01:42:23.672284
1617,27,referral_sent,2026-05-14T01:42:23.695341
1618,27,email_received,2026-05-14T01:42:23.741853
1619,27,email_received,2026-05-14T01:42:23.78848
1620,27,email_received,2026-05-14T01:42:23.836144
1621,27,email_received,2026-05-14T01:42:23.883029
1622,27,email_received,2026-05-14T01:42:23.929149
1623,27,email_received,2026-05-14T01:42:23.978042
1624,27,email_received,2026-05-14T01:42:24.025085
1625,27,email_received,2026-05-14T01:42:24.072185
1626,27,referral_sent,2026-05-14T01:42:24.094824
1627,27,email_received,2026-05-14T01:42:24.141485
1628,27,referral_sent,2026-05-14T01:42:24.164079
1629,27,email_received,2026-05-14T01:42:24.20982
1630,27,referral_sent,2026-05-14T01:42:24.232665
1631,27,email_received,2026-05-14T01:42:24.27912
1632,27,email_received,2026-05-14T01:42:24.325007
1633,27,email_received,2026-05-14T01:42:24.371447
1634,27,email_received,2026-05-14T01:42:24.418319
1635,27,referral_sent,2026-05-14T01:42:24.441337
1636,27,email_received,2026-05-14T01:42:24.487277
1637,27,referral_sent,2026-05-14T01:42:24.510127
1638,27,email_received,2026-05-14T01:42:24.556006
1639,27,app_access:demo-profile-john,2026-05-14T01:45:32.720888
1640,27,app_access:demoprofile2,2026-05-14T01:45:34.668965
1641,27,app_access:demo-profile-john,2026-05-14T01:45:36.632025
1642,27,app_access:demoprofile2,2026-05-14T01:45:38.136821
1643,27,app_access:demo-profile-john,2026-05-14T01:45:39.718586
1644,27,app_access:demoprofile2,2026-05-14T01:45:41.299318
1645,27,app_access:demo-profile-john,2026-05-14T01:45:43.325417
1646,27,app_access:demoprofile2,2026-05-14T01:45:44.273825
1647,27,app_access:demo-profile-john,2026-05-14T01:45:45.936896
1648,27,app_access:demoprofile2,2026-05-14T01:45:47.381525
1649,27,app_access:demo-profile-john,2026-05-14T04:00:53.953368
1650,27,app_access:demo-profile-john,2026-05-14T10:30:46.399687
1651,27,app_access:demo-profile-john,2026-05-15T08:16:41.524582
1652,27,app_access:demo-profile-john,2026-05-15T09:05:07.576549
1653,27,app_access:demo-profile-john,2026-05-15T18:29:43.091899
1654,27,app_access:demo-profile-john,2026-05-16T10:23:14.550668
1655,27,app_access:demo-profile-john,2026-05-16T17:52:43.938858
1656,27,app_access:demo-profile-john,2026-05-16T22:43:17.50154
1657,27,app_access:demo-profile-john,2026-05-16T22:43:21.009161
1658,27,app_access:demo-profile-john,2026-05-16T22:43:34.969602
1659,27,app_access:demo-profile-john,2026-05-16T22:43:37.295705
1660,27,app_access:demo-profile-john,2026-05-16T22:43:39.347257
1661,27,app_access:demo-profile-john,2026-05-16T22:43:41.574876
1662,27,app_access:demo-profile-john,2026-05-16T22:43:43.116598
1663,27,app_access:demo-profile-john,2026-05-16T22:43:45.035172
1664,27,app_access:demo-profile-john,2026-05-16T22:43:48.349689
1665,27,app_access:demoprofile2,2026-05-16T22:43:56.667822
1666,27,app_access:demoprofile2,2026-05-16T22:43:59.488052
1667,27,app_access:demoprofile2,2026-05-16T22:44:01.710886
1668,27,app_access:demoprofile2,2026-05-16T22:44:10.674242
1669,27,app_access:demoprofile2,2026-05-16T22:44:12.804564
1670,27,app_access:demoprofile2,2026-05-16T22:44:14.774531
1671,27,app_access:demoprofile2,2026-05-16T22:44:16.756845
1672,27,app_access:demoprofile2,2026-05-16T22:44:18.690674
1673,27,app_access:demoprofile2,2026-05-16T22:44:20.600536
1674,27,app_access:demoprofile2,2026-05-16T22:44:23.610107
1675,27,app_access:demoprofile2,2026-05-16T22:44:25.712129
1676,27,app_access:demoprofile2,2026-05-16T22:44:27.814065
1677,27,app_access:demoprofile2,2026-05-16T22:44:29.915917
1678,27,app_access:demoprofile2,2026-05-16T22:44:32.016422
1679,27,app_access:demoprofile2,2026-05-16T22:44:34.016092
1680,27,app_access:demoprofile2,2026-05-16T22:44:36.33073
1681,27,app_access:demoprofile2,2026-05-16T22:44:38.383197
1682,27,app_access:demoprofile2,2026-05-16T22:44:40.509759
1683,27,app_access:demoprofile2,2026-05-16T22:44:42.665914
1684,27,app_access:demoprofile2,2026-05-16T22:44:44.910686
1685,27,app_access:demoprofile2,2026-05-16T22:44:47.359333
1686,27,app_access:demoprofile2,2026-05-16T22:44:49.54761
1687,27,app_access:demoprofile2,2026-05-16T22:44:51.592776
1688,27,app_access:demoprofile2,2026-05-16T22:44:53.71658
1689,27,app_access:demoprofile2,2026-05-16T22:44:55.662903
1690,27,app_access:demoprofile2,2026-05-16T22:44:57.56059
1691,27,app_access:demoprofile2,2026-05-16T22:44:59.62775
1692,27,app_access:demoprofile2,2026-05-16T22:45:01.557623
1693,27,app_access:demoprofile2,2026-05-16T22:45:03.547922
1694,27,app_access:demoprofile2,2026-05-16T22:45:05.46316
1695,27,app_access:demoprofile2,2026-05-16T22:45:07.354152
1696,27,app_access:demoprofile2,2026-05-16T22:45:09.013605
1697,27,app_access:demoprofile2,2026-05-16T22:45:10.989501
1698,27,app_access:demoprofile2,2026-05-16T22:45:12.911954
1699,27,app_access:demoprofile2,2026-05-16T22:45:14.810828
1700,27,app_access:demoprofile2,2026-05-16T22:45:17.987991
1701,27,app_access:demo-profile-john,2026-05-17T07:24:27.758486
1702,27,app_access:demo-profile-john,2026-05-18T02:05:52.738479
1703,27,app_access:demo-profile-john,2026-05-18T07:24:59.4388
1704,27,app_access:demoprofile2,2026-05-18T07:25:01.782137
1705,27,app_access:demo-profile-john,2026-05-18T07:25:02.952917
1706,27,app_access:demoprofile2,2026-05-18T07:25:04.692446
1707,27,app_access:demo-profile-john,2026-05-18T07:25:06.24607
1708,27,app_access:demoprofile2,2026-05-18T07:25:08.237205
1709,27,app_access:demo-profile-john,2026-05-18T07:25:09.803349
1710,27,app_access:demoprofile2,2026-05-18T07:25:11.318871
1711,27,app_access:demo-profile-john,2026-05-18T07:25:13.085902
1712,27,app_access:demoprofile2,2026-05-18T07:25:14.768089
1713,27,app_access:demo-profile-john,2026-05-18T07:25:16.402759
1714,27,app_access:demo-profile-john,2026-05-18T07:25:18.665747
1715,27,app_access:demo-profile-john,2026-05-18T07:25:20.939603
1716,27,app_access:demoprofile2,2026-05-18T07:25:22.464331
1717,27,app_access:demoprofile2,2026-05-18T07:25:24.763628
1718,27,app_access:demoprofile2,2026-05-18T07:25:27.067168
1719,27,app_access:demoprofile2,2026-05-18T07:25:29.319498
1720,27,app_access:demoprofile2,2026-05-18T07:25:31.658411
1721,27,app_access:demoprofile2,2026-05-18T07:25:33.701927
1722,27,app_access:demoprofile2,2026-05-18T07:25:35.881284
1723,27,app_access:demoprofile2,2026-05-18T07:25:38.138138
1724,27,app_access:demoprofile2,2026-05-18T07:25:40.389544
1725,27,app_access:demo-profile-john,2026-05-18T07:46:48.979654
1726,27,app_access:demo-profile-john,2026-05-18T07:47:30.143249
1727,27,app_access:demo-profile-john,2026-05-18T07:57:37.554357
1728,27,app_access:demo-profile-john,2026-05-18T08:28:55.750317
1729,27,app_access:demo-profile-john,2026-05-18T09:02:58.55731
1730,27,app_access:demo-profile-john,2026-05-18T09:03:45.41665
1731,27,app_access:demo-profile-john,2026-05-18T09:04:00.181895
1732,27,app_access:demo-profile-john,2026-05-18T09:04:15.213118
1733,27,app_access:demo-profile-john,2026-05-19T02:49:37.839748
1734,27,app_access:demo-profile-john,2026-05-19T02:49:40.572484
1735,27,app_access:demo-profile-john,2026-05-19T02:49:42.33131
1736,27,app_access:demo-profile-john,2026-05-19T02:49:44.262059
1737,27,app_access:demo-profile-john,2026-05-19T02:49:46.142562
1738,27,app_access:demo-profile-john,2026-05-19T02:49:48.049932
1739,27,app_access:demo-profile-john,2026-05-19T02:49:51.230224
1740,27,app_access:demoprofile2,2026-05-19T02:49:55.846153
1741,27,app_access:demoprofile2,2026-05-19T02:49:58.016325
1742,27,app_access:demoprofile2,2026-05-19T02:49:59.512576
1743,27,app_access:demoprofile2,2026-05-19T02:50:01.423575
1744,27,app_access:demoprofile2,2026-05-19T02:50:02.888259
1745,27,app_access:demoprofile2,2026-05-19T02:50:04.801647
1746,27,app_access:demoprofile2,2026-05-19T02:50:07.431009
1747,27,app_access:demoprofile2,2026-05-19T02:50:09.377413
1748,27,app_access:demoprofile2,2026-05-19T02:50:11.084561
1749,27,app_access:demoprofile2,2026-05-19T02:50:13.079906
1750,27,app_access:demoprofile2,2026-05-19T02:50:16.32217
1751,27,app_access:demoprofile2,2026-05-19T02:50:18.282944
1752,27,app_access:demo-profile-john,2026-05-20T11:14:41.618419
1753,27,app_access:demo-profile-john,2026-05-20T11:44:21.892016
1754,27,app_access:demo-profile-john,2026-05-20T17:09:33.825832
1755,27,app_access:demo-profile-john,2026-05-20T17:21:06.100649
1756,27,app_access:demo-profile-john,2026-05-20T17:25:41.253102
1757,27,app_access:demo-profile-john,2026-05-20T17:32:11.549454
1758,27,app_access:demo-profile-john,2026-05-20T17:32:58.39355
1759,27,app_access:demo-profile-john,2026-05-20T17:36:44.113456
1760,27,app_access:demo-profile-john,2026-05-20T17:37:46.485483
1761,27,app_access:demo-profile-john,2026-05-20T17:56:35.530895
1762,27,app_access:demo-profile-john,2026-05-20T17:58:02.522136
1763,27,app_access:demo-profile-john,2026-05-20T17:58:42.144387
1764,27,app_access:demo-profile-john,2026-05-20T18:06:54.760519
1765,27,app_access:demo-profile-john,2026-05-20T18:08:34.811391
1766,27,app_access:demo-profile-john,2026-05-20T18:09:10.899741
1767,27,app_access:demo-profile-john,2026-05-20T18:52:42.239006
1768,27,app_access:demo-profile-john,2026-05-20T18:54:00.259071
1769,27,app_access:demo-profile-john,2026-05-20T22:41:02.014973
1770,27,app_access:demoprofile2,2026-05-20T22:41:15.373735
1771,27,app_access:demo-profile-john,2026-05-20T22:41:21.0953